,transition_type,gene_segment,freq
0,1,TRBV10-1,-0.0078903185989871
1,1,TRBV10-2,-0.0016192075173698
2,1,TRBV10-3,-0.0190332761957271
3,1,TRBV11-2,-0.0001478152252239
4,1,"TRBV11-2, TRBV11-3, TRBV11-1",7.03813967892007e-06
5,1,TRBV11-3,-1.99082891479916e-05
6,1,"TRBV11-3, TRBV11-1",-0.0041741046246954
7,1,"TRBV12-3, TRBV12-4",-0.0002443294362697
8,1,TRBV12-5,3.51906983946003e-05
9,1,TRBV14,0.000285143976823
10,1,TRBV15,0.0157501446800187
11,1,TRBV18,-0.0014732133969511
12,1,TRBV19,-0.003314483653422
13,1,TRBV2,0.0004343210956897
14,1,TRBV20-1,-0.1153683110512518
15,1,TRBV21-1,-0.0013537636620633
16,1,TRBV23-1,-4.605063138239083e-05
17,1,TRBV24-1,-0.0308308936704612
18,1,TRBV25-1,-0.0089189135383001
19,1,TRBV27,0.2505028440580844
20,1,TRBV28,0.0546499089171358
21,1,TRBV29-1,-0.0184877510825964
22,1,TRBV30,-1.46817262966391e-05
23,1,TRBV4-1,-0.0001526302168012
24,1,"TRBV4-1, TRBV4-3",-0.0072301620586557
25,1,"TRBV4-2, TRBV4-3",-0.0051626891100475
26,1,"TRBV4-3, TRBV4-1, TRBV4-2",0.0020509081856506
27,1,"TRBV4-3, TRBV4-2",0.0013847019399195
28,1,"TRBV4-3, TRBV4-2, TRBV4-1",0.0029007115099723
29,1,TRBV5-1,-0.0007575224778587
30,1,TRBV5-4,-5.30887710613109e-05
31,1,"TRBV5-4, TRBV5-8",0.0003931283317844
32,1,"TRBV5-5, TRBV5-3, TRBV5-6, TRBV5-8",-0.0001194497348879
33,1,"TRBV5-5, TRBV5-6",-0.0002189911806278
34,1,"TRBV5-6, TRBV5-5, TRBV5-7",-0.0006654212150938
35,1,"TRBV5-6, TRBV5-7",-0.0005721138224403
36,1,"TRBV5-6, TRBV5-7, TRBV5-5",-0.000471162843169
37,1,"TRBV5-8, TRBV5-4",-0.001055347492475
38,1,TRBV6-1,-0.0220052956049133
39,1,"TRBV6-1, TRBV6-5, TRBV6-6",-0.0185279811003972
40,1,"TRBV6-1, TRBV6-5, TRBV6-6, TRBV6-2, TRBV6-3",7.03813967892007e-06
41,1,"TRBV6-1, TRBV6-5, TRBV6-6, TRBV6-3, TRBV6-8",-0.0056539541180295
42,1,"TRBV6-1, TRBV6-5, TRBV6-6, TRBV6-8",0.0009441072313536
43,1,"TRBV6-1, TRBV6-5, TRBV6-6, TRBV6-8, TRBV6-3",-0.0314579206848779
44,1,"TRBV6-1, TRBV6-5, TRBV6-6, TRBV6-8, TRBV6-9",-0.0144003291503802
45,1,"TRBV6-1, TRBV6-5, TRBV6-8",-0.0142609711263446
46,1,"TRBV6-1, TRBV6-6, TRBV6-5",-0.0081889429362072
47,1,"TRBV6-2, TRBV6-3",-0.0009926239742701
48,1,"TRBV6-2, TRBV6-3, TRBV6-1, TRBV6-5, TRBV6-6",-0.0006237930599703
49,1,"TRBV6-2, TRBV6-3, TRBV6-5, TRBV6-1, TRBV6-6",-0.0022230922881923
50,1,"TRBV6-2, TRBV6-3, TRBV6-5, TRBV6-6",-0.0003517131082811
51,1,"TRBV6-2, TRBV6-3, TRBV6-6, TRBV6-1, TRBV6-5",-0.0002057189878625
52,1,"TRBV6-3, TRBV6-2",-0.0108765619711861
53,1,"TRBV6-3, TRBV6-2, TRBV6-1, TRBV6-5, TRBV6-6",-0.0263718470247062
54,1,"TRBV6-3, TRBV6-2, TRBV6-5, TRBV6-6",-0.0001725385059492
55,1,"TRBV6-3, TRBV6-2, TRBV6-5, TRBV6-6, TRBV6-1",-0.0044130040944714
56,1,TRBV6-4,-0.0148433613865474
57,1,"TRBV6-5, TRBV6-1",-0.0001990828914799
58,1,"TRBV6-5, TRBV6-1, TRBV6-6, TRBV6-8",-0.0157895726662807
59,1,"TRBV6-5, TRBV6-1, TRBV6-6, TRBV6-8, TRBV6-3",-0.0293065445510633
60,1,"TRBV6-5, TRBV6-6, TRBV6-1",-0.0003185326263678
61,1,"TRBV6-5, TRBV6-6, TRBV6-1, TRBV10-3",0.0062991350126334
62,1,"TRBV6-5, TRBV6-6, TRBV6-1, TRBV6-3, TRBV6-8",-0.0322514284197461
63,1,"TRBV6-5, TRBV6-6, TRBV6-1, TRBV6-8",0.0195620031104464
64,1,"TRBV6-5, TRBV6-6, TRBV6-1, TRBV6-8, TRBV6-3",-0.0043930958053234
65,1,"TRBV6-5, TRBV6-6, TRBV6-1, TRBV6-8, TRBV6-9",-0.001360399758446
66,1,"TRBV6-5, TRBV6-6, TRBV6-2, TRBV6-3, TRBV6-8",-0.0004645267467864
67,1,"TRBV6-6, TRBV6-5, TRBV6-1, TRBV6-9, TRBV6-8",-0.0129868406208732
68,1,"TRBV7-2, TRBV7-8",-0.0179105012130933
69,1,"TRBV7-2, TRBV7-8, TRBV7-9",-9.25223620165999e-05
70,1,"TRBV7-2, TRBV7-9, TRBV7-3",0.0005067460568822
71,1,"TRBV7-2, TRBV7-9, TRBV7-8",0.0004293265204141
72,1,TRBV7-3,0.003466567459382
73,1,"TRBV7-3, TRBV7-4",-1.990828914799158e-05
74,1,TRBV7-6,0.103399171107962
75,1,"TRBV7-6, TRBV7-7",0.0436242427347951
76,1,"TRBV7-6, TRBV7-7, TRBV7-9",-8.626925297463016e-05
77,1,"TRBV7-6, TRBV7-9",-1.32721927653277e-05
78,1,"TRBV7-7, TRBV7-6",-0.0029163497705053
79,1,TRBV7-8,1.40762793578401e-05
80,1,"TRBV7-8, TRBV7-2",0.0405329364070471
81,1,TRBV7-9,-0.0218079890741077
82,1,"TRBV7-9, TRBV7-6",-4.564858808613466e-05
83,1,TRBV9,-0.0022516564181818
0,1,TRBV10-1,0.0015309871688066
1,1,TRBV10-2,-0.0046388290648576
2,1,TRBV10-3,-0.0304014201606247
3,1,"TRBV11-1, TRBV11-3",0.028114537395396
4,1,TRBV11-2,0.0005697940375087
5,1,"TRBV11-2, TRBV11-3",0.0048369284106636
6,1,"TRBV11-3, TRBV11-1",-1.23411082315192e-05
7,1,"TRBV12-3, TRBV12-4",-0.0002028090589955
8,1,TRBV13,-2.46822164630384e-05
9,1,TRBV14,0.0001763829771555
10,1,TRBV15,-0.0066909535287668
11,1,TRBV18,0.0022000371308066
12,1,TRBV19,-0.0076836002429874
13,1,TRBV2,-0.0021585825455059
14,1,TRBV20-1,0.0581500156532973
15,1,TRBV21-1,-0.0012531111577074
16,1,TRBV23-1,0.0002043421009166
17,1,TRBV24-1,-0.0102478685356134
18,1,TRBV25-1,0.0021675075201477
19,1,TRBV27,-0.0503496690750621
20,1,TRBV28,0.0926511744654692
21,1,TRBV29-1,-0.0027689787307579
22,1,TRBV30,0.012833237806327
23,1,"TRBV4-1, TRBV4-3",0.0002366895269854
24,1,"TRBV4-2, TRBV4-3",-0.001080335642466
25,1,TRBV4-3,0.0003215299232522
26,1,"TRBV4-3, TRBV4-1, TRBV4-2",-6.1705541157596e-05
27,1,"TRBV4-3, TRBV4-2",-0.0007651487103541
28,1,TRBV5-1,0.0022221035492043
29,1,"TRBV5-4, TRBV5-8",-0.017758945837451
30,1,TRBV5-5,-0.0004936443292607
31,1,"TRBV5-5, TRBV5-3, TRBV5-6, TRBV5-8",-8.63877576206344e-05
32,1,"TRBV5-5, TRBV5-6",-0.0003455510304824
33,1,"TRBV5-6, TRBV5-5, TRBV5-7",0.0005422565606589
34,1,TRBV5-8,0.0003285197041924
35,1,"TRBV5-8, TRBV5-4",-0.0079353325928668
36,1,"TRBV6-1, TRBV6-5, TRBV6-6",-0.0635813896087867
37,1,"TRBV6-1, TRBV6-5, TRBV6-6, TRBV6-3",-3.70233246945576e-05
38,1,"TRBV6-1, TRBV6-5, TRBV6-6, TRBV6-3, TRBV6-8",-1.769243552277307e-05
39,1,"TRBV6-1, TRBV6-5, TRBV6-6, TRBV6-8",-0.0086359348211092
40,1,"TRBV6-1, TRBV6-5, TRBV6-6, TRBV6-8, TRBV6-9",0.0127070144219239
41,1,"TRBV6-2, TRBV6-3",-0.0016290262865605
42,1,"TRBV6-2, TRBV6-3, TRBV6-1, TRBV6-5, TRBV6-6",-0.002974207083796
43,1,"TRBV6-2, TRBV6-3, TRBV6-4, TRBV6-5, TRBV6-6",-1.23411082315192e-05
44,1,"TRBV6-2, TRBV6-3, TRBV6-5, TRBV6-6",-0.0027622908655689
45,1,"TRBV6-2, TRBV6-3, TRBV6-5, TRBV6-6, TRBV6-1",-0.0001287624096064
46,1,"TRBV6-3, TRBV6-2, TRBV6-5, TRBV6-6",-0.0037393557941503
47,1,"TRBV6-3, TRBV6-2, TRBV6-5, TRBV6-6, TRBV6-1",-0.0045908922621251
48,1,TRBV6-4,-0.0102748829218594
49,1,"TRBV6-5, TRBV6-1, TRBV6-6, TRBV6-8",-0.0104652597803283
50,1,"TRBV6-5, TRBV6-1, TRBV6-6, TRBV6-8, TRBV6-3",0.0169236534720116
51,1,"TRBV6-5, TRBV6-6, TRBV6-1, TRBV6-3",-0.0046525978032827
52,1,"TRBV6-5, TRBV6-6, TRBV6-1, TRBV6-3, TRBV6-8",0.0005616252324304
53,1,"TRBV6-5, TRBV6-6, TRBV6-1, TRBV6-8",-0.0199062075774403
54,1,"TRBV6-5, TRBV6-6, TRBV6-1, TRBV6-8, TRBV6-3",-0.006873997284956
55,1,"TRBV6-5, TRBV6-6, TRBV6-1, TRBV6-8, TRBV6-9",-0.0316265526994399
56,1,"TRBV6-5, TRBV6-6, TRBV6-1, TRBV6-9, TRBV6-8",-0.0122053560409725
57,1,"TRBV6-5, TRBV6-6, TRBV6-2, TRBV6-3, TRBV6-8",-2.46822164630384e-05
58,1,"TRBV6-5, TRBV6-6, TRBV6-3, TRBV6-2, TRBV6-8",-0.0128717758854745
59,1,"TRBV6-5, TRBV6-6, TRBV6-8, TRBV6-2, TRBV6-3",-8.63877576206343e-05
60,1,TRBV7-1,0.0055219269428096
61,1,TRBV7-2,-0.0027890904603233
62,1,"TRBV7-2, TRBV28, TRBV7-8",6.98978094026533e-06
63,1,"TRBV7-2, TRBV7-8",0.0318785093295912
64,1,TRBV7-3,-0.0056575788973269
65,1,"TRBV7-3, TRBV7-4, TRBV11-3, TRBV5-5",6.98978094026533e-06
66,1,TRBV7-6,0.0458665924802735
67,1,"TRBV7-6, TRBV7-7",-3.70233246945576e-05
68,1,"TRBV7-8, TRBV7-2",0.0603713406049103
69,1,TRBV7-9,-0.0196796296402588
70,1,"TRBV7-9, TRBV7-6",-0.0063046678526571
71,1,TRBV9,-0.0044061829661308
0,1,TRBV1,-4.44000444000444e-05
1,1,TRBV10-1,-2.22000222000222e-05
2,1,TRBV10-2,-9.99000999000999e-05
3,1,TRBV10-3,-0.0024343086160536
4,1,"TRBV11-1, TRBV11-3",-0.0001776001776001
5,1,TRBV11-2,6.313564524051802e-06
6,1,TRBV11-3,-5.55000555000555e-05
7,1,"TRBV11-3, TRBV11-1",-8.248652427602599e-05
8,1,"TRBV11-3, TRBV11-1, TRBV7-3",4.2770380086111e-05
9,1,TRBV12-2,9.81678892202556e-05
10,1,TRBV12-5,1.4256793362037e-05
11,1,TRBV14,1.74135756240629e-05
12,1,TRBV15,0.0790293830754621
13,1,TRBV18,-2.54593508278779e-05
14,1,TRBV19,0.003809412970828
15,1,TRBV2,-0.000256929919614
16,1,TRBV20-1,-0.1833836125444532
17,1,TRBV21-1,0.0009459288236624
18,1,TRBV24-1,0.0520970363090636
19,1,TRBV25-1,0.0002770900920369
20,1,TRBV27,0.015502195237589
21,1,TRBV28,0.0017949155669813
22,1,TRBV29-1,-0.0005686531477069
23,1,TRBV30,1.4256793362037e-05
24,1,TRBV4-1,-4.44000444000444e-05
25,1,"TRBV4-1, TRBV4-3",-0.0004805598059282
26,1,"TRBV4-1, TRBV4-3, TRBV4-2",-1.11000111000111e-05
27,1,TRBV4-2,0.0002138519004305
28,1,"TRBV4-2, TRBV4-3",-0.0006252701356918
29,1,"TRBV4-3, TRBV4-1, TRBV4-2",-0.0001619188126558
30,1,"TRBV4-3, TRBV4-2",0.0010550027087907
31,1,"TRBV4-3, TRBV4-2, TRBV4-1",0.0018403458225533
32,1,TRBV5-1,1.5271179480925033e-06
33,1,TRBV5-4,9.50111069582667e-05
34,1,"TRBV5-4, TRBV4-2, TRBV5-8, TRBV5-5",-1.11000111000111e-05
35,1,"TRBV5-4, TRBV5-8",0.0007452167841092
36,1,"TRBV5-5, TRBV5-3, TRBV5-6, TRBV5-8",9.97975535342591e-05
37,1,"TRBV5-5, TRBV5-3, TRBV5-8",-2.22000222000222e-05
38,1,"TRBV5-6, TRBV5-5, TRBV5-7",9.012211401649998e-05
39,1,"TRBV5-6, TRBV5-7",0.0001377814870443
40,1,"TRBV5-6, TRBV5-7, TRBV5-5",0.0004847309743092
41,1,TRBV5-8,-0.0002109002109002
42,1,"TRBV5-8, TRBV5-3, TRBV5-4",-1.11000111000111e-05
43,1,"TRBV5-8, TRBV5-4",-0.0026008670187621
44,1,"TRBV5-8, TRBV5-5, TRBV5-4, TRBV4-2",-1.11000111000111e-05
45,1,TRBV6-1,0.0104596998811591
46,1,"TRBV6-1, TRBV6-5",-0.0005978734814524
47,1,"TRBV6-1, TRBV6-5, TRBV6-6",0.0057910850930725
48,1,"TRBV6-1, TRBV6-5, TRBV6-6, TRBV6-3",0.0003690469630989
49,1,"TRBV6-1, TRBV6-5, TRBV6-6, TRBV6-3, TRBV6-8",-0.0004043868461763
50,1,"TRBV6-1, TRBV6-5, TRBV6-6, TRBV6-4, TRBV6-9",-1.11000111000111e-05
51,1,"TRBV6-1, TRBV6-5, TRBV6-6, TRBV6-8",-0.0086655860115411
52,1,"TRBV6-1, TRBV6-5, TRBV6-6, TRBV6-8, TRBV6-3",-0.0003774003774003
53,1,"TRBV6-1, TRBV6-5, TRBV6-6, TRBV6-8, TRBV6-9",-0.0002859562381673
54,1,"TRBV6-1, TRBV6-5, TRBV6-6, TRBV6-9",-2.22000222000222e-05
55,1,"TRBV6-1, TRBV6-5, TRBV6-6, TRBV6-9, TRBV6-8",-0.0027528027528027
56,1,"TRBV6-2, TRBV6-3",-0.0004630436839382
57,1,"TRBV6-2, TRBV6-3, TRBV6-1, TRBV6-5, TRBV6-6",0.0007607956026876
58,1,"TRBV6-2, TRBV6-3, TRBV6-5, TRBV6-1, TRBV6-6",-0.0002331002331002
59,1,"TRBV6-2, TRBV6-3, TRBV6-5, TRBV6-6",0.0016517481802188
60,1,"TRBV6-2, TRBV6-3, TRBV6-5, TRBV6-6, TRBV6-1",-0.0002553002553002
61,1,TRBV6-4,-0.0003838164882902
62,1,"TRBV6-4, TRBV6-1",-2.22000222000222e-05
63,1,"TRBV6-5, TRBV6-1, TRBV6-6, TRBV6-2, TRBV6-3",-1.11000111000111e-05
64,1,"TRBV6-5, TRBV6-1, TRBV6-6, TRBV6-3",0.0014114225428416
65,1,"TRBV6-5, TRBV6-1, TRBV6-6, TRBV6-3, TRBV6-8",-0.0002267866685761
66,1,"TRBV6-5, TRBV6-1, TRBV6-6, TRBV6-8",-0.0044400044400044
67,1,"TRBV6-5, TRBV6-6, TRBV6-1, TRBV6-3, TRBV6-8",-0.0006058167102902
68,1,"TRBV6-5, TRBV6-6, TRBV6-1, TRBV6-8",-0.0018093018093016
69,1,"TRBV6-5, TRBV6-6, TRBV6-1, TRBV6-8, TRBV6-9",-9.99000999000999e-05
70,1,"TRBV6-5, TRBV6-6, TRBV6-2, TRBV6-3",0.0002566222805166
71,1,"TRBV6-5, TRBV6-6, TRBV6-2, TRBV6-3, TRBV6-8",-0.0001491891372418
72,1,"TRBV6-6, TRBV6-5",-7.77000777000777e-05
73,1,"TRBV6-6, TRBV6-5, TRBV6-1, TRBV6-8, TRBV6-9",0.0143280773288472
74,1,"TRBV6-8, TRBV6-1, TRBV6-5, TRBV6-6",-1.11000111000111e-05
75,1,TRBV7-2,-0.0075217610588712
76,1,"TRBV7-2, TRBV28",-1.11000111000111e-05
77,1,"TRBV7-2, TRBV7-8",-0.1472719727973328
78,1,"TRBV7-2, TRBV7-8, TRBV28",-1.11000111000111e-05
79,1,"TRBV7-2, TRBV7-8, TRBV7-1",-1.11000111000111e-05
80,1,"TRBV7-2, TRBV7-8, TRBV7-4",-2.22000222000222e-05
81,1,TRBV7-3,-0.0205500698472095
82,1,"TRBV7-3, TRBV7-4",-0.0010598002329062
83,1,TRBV7-4,1.2627129048103603e-05
84,1,TRBV7-5,-1.11000111000111e-05
85,1,TRBV7-6,0.0433124958801449
86,1,"TRBV7-6, TRBV7-7",0.1093857571117991
87,1,"TRBV7-6, TRBV7-7, TRBV7-9",-1.9043239937996297e-05
88,1,TRBV7-7,-0.0008103008103007
89,1,"TRBV7-7, TRBV7-6",-0.0093256389883229
90,1,"TRBV7-8, TRBV7-2",-0.0011998874306761
91,1,TRBV7-9,0.0564563836013193
92,1,"TRBV7-9, TRBV7-6",-0.0022597183641918
93,1,"TRBV7-9, TRBV7-6, TRBV7-7",2.8513586724074e-05
94,1,TRBV9,0.0006952209997461
0,1,TRBV10-1,0.016707859614434
1,1,TRBV10-3,0.014661977118892
2,1,"TRBV10-3, TRBV6-1, TRBV6-5, TRBV6-6",3.66159535709709e-06
3,1,TRBV11-1,0.0009153988392742
4,1,"TRBV11-1, TRBV11-3",-0.0049471565602872
5,1,TRBV11-2,0.0033975751397215
6,1,"TRBV11-2, TRBV11-3",3.66159535709709e-06
7,1,"TRBV11-2, TRBV11-3, TRBV11-1",3.66159535709709e-06
8,1,TRBV11-3,0.0014646381428387
9,1,"TRBV11-3, TRBV11-1",0.0080132181284361
10,1,"TRBV12-3, TRBV12-4",0.0006756506280691
11,1,"TRBV12-4, TRBV12-3",0.0011992699491858
12,1,TRBV13,-1.250080443602421e-05
13,1,"TRBV13, TRBV2",3.66159535709709e-06
14,1,TRBV14,-0.0041030770730742
15,1,TRBV15,0.0010090851878964
16,1,TRBV18,0.0112316177935291
17,1,TRBV19,0.0200827246605691
18,1,TRBV2,0.0123722641345635
19,1,TRBV20-1,-0.1574733773753112
20,1,TRBV21-1,0.000120973170093
21,1,TRBV23-1,0.0048516138481536
22,1,TRBV24-1,0.0063122364686399
23,1,TRBV25-1,-0.0015745337619474
24,1,TRBV27,-0.0706635035020722
25,1,TRBV28,0.031022339101396
26,1,TRBV29-1,-0.008812686924408
27,1,"TRBV3-1, TRBV3-2",2.626072612731085e-05
28,1,TRBV30,0.0011900184910563
29,1,TRBV4-1,0.001098478607129
30,1,"TRBV4-1, TRBV4-3",-0.0109845424857196
31,1,"TRBV4-2, TRBV4-3",0.0027710696761399
32,1,"TRBV4-3, TRBV4-1",0.0025081928196114
33,1,"TRBV4-3, TRBV4-1, TRBV4-2",0.0009446916021308
34,1,"TRBV4-3, TRBV4-2, TRBV4-1",-0.0053153205282882
35,1,TRBV5-1,0.0007916529303574
36,1,TRBV5-3,0.0004393914428514
37,1,"TRBV5-4, TRBV5-8",0.0092032493136386
38,1,TRBV5-5,0.0010545394628439
39,1,"TRBV5-5, TRBV5-6",0.0001354790282125
40,1,"TRBV5-6, TRBV5-5, TRBV5-7",-4.84871993793638e-05
41,1,"TRBV5-6, TRBV5-7",0.0011643873235567
42,1,"TRBV5-6, TRBV5-7, TRBV5-5",-0.0015880255974775
43,1,"TRBV5-8, TRBV5-4",-0.0094294488763526
44,1,TRBV6-1,0.0022299115724721
45,1,"TRBV6-1, TRBV6-5, TRBV6-6",0.0065937752289492
46,1,"TRBV6-1, TRBV6-5, TRBV6-6, TRBV6-2, TRBV6-3",-8.839209078927099e-06
47,1,"TRBV6-1, TRBV6-5, TRBV6-6, TRBV6-3, TRBV6-8",0.0001611101957121
48,1,"TRBV6-1, TRBV6-5, TRBV6-6, TRBV6-4, TRBV10-3",-4.419604539463549e-06
49,1,"TRBV6-1, TRBV6-5, TRBV6-6, TRBV6-8",0.0001850968942923
50,1,"TRBV6-1, TRBV6-5, TRBV6-6, TRBV6-8, TRBV6-9",-0.0143221856325447
51,1,"TRBV6-1, TRBV6-5, TRBV6-6, TRBV6-9",0.0002233573167829
52,1,"TRBV6-2, TRBV6-3",0.0014682997381958
53,1,"TRBV6-2, TRBV6-3, TRBV6-1, TRBV6-5, TRBV6-6",-0.0010557336002746
54,1,"TRBV6-2, TRBV6-3, TRBV6-5, TRBV6-1, TRBV6-6",0.0027571813038941
55,1,"TRBV6-2, TRBV6-3, TRBV6-5, TRBV6-6",0.0025294043825715
56,1,"TRBV6-2, TRBV6-3, TRBV6-5, TRBV6-6, TRBV6-1",0.0018088281064058
57,1,"TRBV6-3, TRBV6-2",0.0008421669321323
58,1,"TRBV6-3, TRBV6-2, TRBV6-1, TRBV6-5, TRBV6-6",0.0006005016385639
59,1,"TRBV6-3, TRBV6-2, TRBV6-5, TRBV6-1, TRBV6-6",-0.0119150664443916
60,1,"TRBV6-3, TRBV6-2, TRBV6-5, TRBV6-6",0.0096666117427362
61,1,"TRBV6-3, TRBV6-2, TRBV6-5, TRBV6-6, TRBV6-1",-0.027199887165198
62,1,TRBV6-4,0.0038366842931718
63,1,"TRBV6-5, TRBV6-1, TRBV6-6",0.0043572984749455
64,1,"TRBV6-5, TRBV6-1, TRBV6-6, TRBV6-3, TRBV6-8",0.0094425233141571
65,1,"TRBV6-5, TRBV6-1, TRBV6-6, TRBV6-8",0.0095531022866661
66,1,"TRBV6-5, TRBV6-1, TRBV6-6, TRBV6-8, TRBV6-3",-0.024536268908046
67,1,"TRBV6-5, TRBV6-6, TRBV6-1",0.0013547902821259
68,1,"TRBV6-5, TRBV6-6, TRBV6-1, TRBV6-8",-0.0420644183810723
69,1,"TRBV6-5, TRBV6-6, TRBV6-1, TRBV6-8, TRBV6-3",0.0047124732245839
70,1,"TRBV6-5, TRBV6-6, TRBV6-1, TRBV6-8, TRBV6-9",0.0025997327035389
71,1,"TRBV6-5, TRBV6-6, TRBV6-8",0.0017612273667637
72,1,"TRBV6-6, TRBV6-5, TRBV6-1, TRBV6-8, TRBV6-9",0.0081397264788268
73,1,"TRBV6-6, TRBV6-5, TRBV6-1, TRBV6-9, TRBV6-8",0.0010069387232017
74,1,"TRBV6-6, TRBV6-5, TRBV6-3, TRBV6-2, TRBV6-8",0.0099558777759468
75,1,"TRBV6-6, TRBV6-5, TRBV6-8, TRBV6-3, TRBV6-2",0.0061075410556379
76,1,"TRBV7-2, TRBV7-8",0.0777656796352036
77,1,"TRBV7-2, TRBV7-8, TRBV7-9",-8.08119989656064e-06
78,1,TRBV7-3,-0.0032239152271653
79,1,"TRBV7-3, TRBV7-4",-0.019776970174431
80,1,TRBV7-6,0.0161952362644402
81,1,"TRBV7-6, TRBV7-7",0.0078350560550052
82,1,"TRBV7-7, TRBV7-6",0.0039691693670932
83,1,"TRBV7-8, TRBV7-2",0.018913220797225
84,1,TRBV7-9,0.046651479124027
85,1,"TRBV7-9, TRBV7-6",1.464638142838836e-05
86,1,TRBV9,0.0004492978479005
0,1,TRBV1,-4.85578323783626e-05
1,1,TRBV10-1,-0.0097056269103015
2,1,TRBV10-2,-0.006106849676941
3,1,TRBV10-3,0.0036512502303485
4,1,"TRBV11-1, TRBV11-3",8.174609662388611e-05
5,1,TRBV11-2,0.0105806337836715
6,1,"TRBV11-3, TRBV11-1",-0.001208006244088
7,1,TRBV12-2,-0.0008740409828104
8,1,"TRBV12-3, TRBV12-4",0.005119264951039
9,1,TRBV12-5,0.0017830445575925
10,1,TRBV14,0.0015046180034754
11,1,TRBV15,-0.0005103778946784
12,1,TRBV18,0.0098001598101655
13,1,TRBV19,0.0067754616154389
14,1,TRBV2,0.0206242575559825
15,1,TRBV20-1,-0.0325282196239729
16,1,TRBV21-1,-0.0224130842255536
17,1,TRBV23-1,-2.13091335037339e-05
18,1,TRBV24-1,-0.0335307214048966
19,1,"TRBV24-1, TRBV20-1",2.72486988746287e-05
20,1,"TRBV24-1, TRBV6-1, TRBV6-5, TRBV6-6",-4.85578323783626e-05
21,1,TRBV25-1,-0.0055390833285243
22,1,TRBV27,0.069839881252303
23,1,TRBV28,-0.0076415902344897
24,1,TRBV29-1,-0.0179428315734847
25,1,"TRBV3-1, TRBV3-2",2.72486988746287e-05
26,1,TRBV30,0.0001582856461917
27,1,TRBV4-1,0.0024929185469015
28,1,"TRBV4-1, TRBV4-3",0.0047957710019346
29,1,TRBV4-2,-0.0003884626590269
30,1,"TRBV4-2, TRBV4-3",8.878518946710007e-05
31,1,"TRBV4-3, TRBV4-1, TRBV4-2",0.0002026200228641
32,1,TRBV5-1,-0.0018916146258724
33,1,"TRBV5-4, TRBV5-8",0.0052587488097681
34,1,TRBV5-5,0.0013079375459821
35,1,"TRBV5-5, TRBV5-3, TRBV5-8",-9.71156647567253e-05
36,1,"TRBV5-5, TRBV5-6",0.0006246374552941
37,1,"TRBV5-6, TRBV5-5, TRBV5-7",-0.0040655709704719
38,1,"TRBV5-6, TRBV5-7, TRBV5-5",0.0011989427504836
39,1,"TRBV5-8, TRBV5-4",0.0010626992561105
40,1,"TRBV6-1, TRBV6-5",-4.85578323783626e-05
41,1,"TRBV6-1, TRBV6-5, TRBV6-6",0.0004656770088484
42,1,"TRBV6-1, TRBV6-5, TRBV6-6, TRBV10-3, TRBV6-4",-4.85578323783626e-05
43,1,"TRBV6-1, TRBV6-5, TRBV6-6, TRBV6-2, TRBV6-3",-3.667870163649999e-05
44,1,"TRBV6-1, TRBV6-5, TRBV6-6, TRBV6-3",0.0012261914493582
45,1,"TRBV6-1, TRBV6-5, TRBV6-6, TRBV6-3, TRBV6-8",-0.0005529961616857
46,1,"TRBV6-1, TRBV6-5, TRBV6-6, TRBV6-8",-0.0298554866565089
47,1,"TRBV6-1, TRBV6-5, TRBV6-6, TRBV6-8, TRBV6-3",0.0007791243729984
48,1,"TRBV6-1, TRBV6-5, TRBV6-6, TRBV6-8, TRBV6-9",0.007976887895484
49,1,"TRBV6-1, TRBV6-6, TRBV6-5",0.0189105970189923
50,1,"TRBV6-2, TRBV6-3",-0.0002640982953953
51,1,"TRBV6-2, TRBV6-3, TRBV6-1, TRBV6-5",-4.85578323783626e-05
52,1,"TRBV6-2, TRBV6-3, TRBV6-1, TRBV6-5, TRBV6-6",-0.0187433232980477
53,1,"TRBV6-2, TRBV6-3, TRBV6-5, TRBV6-1, TRBV6-6",-0.0127481848184111
54,1,"TRBV6-2, TRBV6-3, TRBV6-5, TRBV6-6",0.0429877254389556
55,1,"TRBV6-2, TRBV6-3, TRBV6-5, TRBV6-6, TRBV6-1",-0.0047243797813617
56,1,"TRBV6-2, TRBV6-3, TRBV6-5, TRBV6-6, TRBV6-7",2.72486988746287e-05
57,1,"TRBV6-3, TRBV6-2, TRBV6-5, TRBV6-6",-0.0053899193939982
58,1,TRBV6-4,0.016933321131886
59,1,"TRBV6-4, TRBV6-1, TRBV6-5, TRBV6-6",2.72486988746287e-05
60,1,"TRBV6-5, TRBV6-1, TRBV6-6, TRBV6-3, TRBV6-8",0.0126462119149651
61,1,"TRBV6-5, TRBV6-1, TRBV6-6, TRBV6-8",0.0064636893436837
62,1,"TRBV6-5, TRBV6-1, TRBV6-6, TRBV6-8, TRBV6-3",0.0091246900486965
63,1,"TRBV6-5, TRBV6-6, TRBV6-1, TRBV6-2, TRBV6-3",-4.85578323783626e-05
64,1,"TRBV6-5, TRBV6-6, TRBV6-1, TRBV6-3, TRBV6-8",-0.0185949439842091
65,1,"TRBV6-5, TRBV6-6, TRBV6-1, TRBV6-8",0.0027812580490604
66,1,"TRBV6-5, TRBV6-6, TRBV6-1, TRBV6-8, TRBV6-9",-0.0001942313295134
67,1,"TRBV6-5, TRBV6-6, TRBV6-1, TRBV6-9, TRBV6-8",0.0116411339848373
68,1,"TRBV6-5, TRBV6-6, TRBV6-2, TRBV6-3",2.72486988746287e-05
69,1,"TRBV6-5, TRBV6-6, TRBV6-2, TRBV6-3, TRBV6-8",-0.0040456696555368
70,1,"TRBV6-5, TRBV6-6, TRBV6-3, TRBV6-1",-0.0006472961893052
71,1,"TRBV6-5, TRBV6-6, TRBV6-3, TRBV6-2, TRBV6-8",-0.010439933961348
72,1,"TRBV6-5, TRBV6-6, TRBV6-3, TRBV6-8, TRBV6-2",0.0155317583585384
73,1,"TRBV6-5, TRBV6-6, TRBV6-8, TRBV6-2, TRBV6-3",0.0151502765742935
74,1,"TRBV6-6, TRBV6-1, TRBV6-5, TRBV6-9, TRBV6-8",0.0037875691435733
75,1,"TRBV7-2, TRBV7-8",0.0024075377908718
76,1,"TRBV7-2, TRBV7-8, TRBV7-9",-4.85578323783626e-05
77,1,TRBV7-3,-0.0327774617286838
78,1,"TRBV7-3, TRBV7-4",0.0148777895855471
79,1,TRBV7-6,-0.024057436160793
80,1,"TRBV7-6, TRBV7-7",0.0051409233929095
81,1,"TRBV7-6, TRBV7-7, TRBV7-9",-4.85578323783626e-05
82,1,"TRBV7-7, TRBV7-6",0.0143932525711748
83,1,"TRBV7-7, TRBV7-6, TRBV7-3, TRBV7-4",-4.85578323783626e-05
84,1,"TRBV7-8, TRBV7-2",0.0096305361965728
85,1,TRBV7-9,-0.0512264477411406
86,1,"TRBV7-9, TRBV7-6",-0.000689239656059
87,1,TRBV9,-5.480568884549996e-05
0,1,TRBV1,0.0005849511294367
1,1,TRBV10-1,-0.005264555464384
2,1,TRBV10-2,0.0025886104949896
3,1,TRBV10-3,-0.0378291832862312
4,1,"TRBV10-3, TRBV6-1, TRBV6-5, TRBV6-6",-5.50427406881443e-06
5,1,"TRBV10-3, TRBV6-5, TRBV6-6, TRBV6-1",0.0008685539742173
6,1,"TRBV11-1, TRBV11-3",-6.565694036979997e-05
7,1,TRBV11-2,0.0087907036726798
8,1,TRBV11-3,-5.50427406881443e-05
9,1,"TRBV11-3, TRBV11-1",0.0021669645622402
10,1,TRBV12-1,0.000253571126701
11,1,TRBV12-2,0.000204347692856
12,1,"TRBV12-3, TRBV12-4",0.0184334066095771
13,1,"TRBV12-4, TRBV12-3",0.0006674458392475
14,1,TRBV12-5,0.00045532915614
15,1,TRBV13,-5.17932683415668e-06
16,1,TRBV14,0.0152674399750232
17,1,TRBV15,-0.0168925043522375
18,1,"TRBV15, TRBV7-2, TRBV7-8, TRBV7-9",-5.50427406881443e-06
19,1,TRBV16,1.16584426069444e-05
20,1,TRBV18,0.0112993650035313
21,1,TRBV19,0.0713294318011502
22,1,TRBV2,0.0255888099628723
23,1,TRBV20-1,-0.1854391005443625
24,1,TRBV21-1,0.012977693935729
25,1,TRBV23-1,0.0011839818190739
26,1,TRBV24-1,-0.0159530303352329
27,1,TRBV25-1,0.0010432070406401
28,1,TRBV27,0.0232116129462471
29,1,TRBV28,-0.044408996781896
30,1,TRBV29-1,0.0037396174772481
31,1,"TRBV3-1, TRBV3-2",9.521722426341344e-05
32,1,TRBV30,0.0027650402390939
33,1,TRBV4-1,0.0011856065552472
34,1,"TRBV4-1, TRBV4-2",-1.65128222064433e-05
35,1,"TRBV4-1, TRBV4-3",0.013568331024123
36,1,"TRBV4-1, TRBV4-3, TRBV1, TRBV4-2",-5.50427406881443e-06
37,1,"TRBV4-1, TRBV4-3, TRBV23-1",-5.50427406881443e-06
38,1,TRBV4-2,3.62850312196124e-05
39,1,"TRBV4-2, TRBV4-3",0.001408880503395
40,1,TRBV5-1,0.0054663655367175
41,1,TRBV5-3,2.91461065173609e-06
42,1,"TRBV5-3, TRBV5-5, TRBV5-6",-5.50427406881443e-06
43,1,"TRBV5-3, TRBV5-5, TRBV5-8",1.03685681284969e-05
44,1,TRBV5-4,6.71054462111e-05
45,1,"TRBV5-4, TRBV4-2, TRBV5-8, TRBV5-5",-5.50427406881443e-06
46,1,"TRBV5-4, TRBV5-5, TRBV5-6, TRBV5-7, TRBV5-8",-5.50427406881443e-06
47,1,"TRBV5-4, TRBV5-8",0.0059566722506304
48,1,"TRBV5-4, TRBV5-8, TRBV5-5",-5.50427406881443e-06
49,1,TRBV5-5,0.0003912473796425
50,1,"TRBV5-5, TRBV5-3, TRBV5-6, TRBV5-8",-0.0001065209762552
51,1,"TRBV5-5, TRBV5-3, TRBV5-6, TRBV5-8, TRBV11-3",-5.50427406881443e-06
52,1,"TRBV5-5, TRBV5-6",0.0009004087176739
53,1,"TRBV5-5, TRBV5-6, TRBV5-8",2.33168852138887e-05
54,1,"TRBV5-5, TRBV5-8, TRBV5-3, TRBV5-6",-2.75213703440722e-05
55,1,TRBV5-6,8.16090982486105e-05
56,1,"TRBV5-6, TRBV5-5, TRBV5-7",-0.0003660281533703
57,1,"TRBV5-6, TRBV5-5, TRBV5-7, TRBV5-3",-1.100854813762886e-05
58,1,"TRBV5-6, TRBV5-7",0.0001034003918911
59,1,"TRBV5-6, TRBV5-7, TRBV5-5",0.0009236165438255
60,1,TRBV5-8,0.0004605084829742
61,1,"TRBV5-8, TRBV5-4",0.0006202018321912
62,1,"TRBV5-8, TRBV5-4, TRBV5-5",2.91461065173609e-06
63,1,TRBV6-1,0.0010687566687044
64,1,"TRBV6-1, TRBV6-5",0.0038115661533026
65,1,"TRBV6-1, TRBV6-5, TRBV6-6",0.0116122430834559
66,1,"TRBV6-1, TRBV6-5, TRBV6-6, TRBV6-2, TRBV6-3",-1.651282220644329e-05
67,1,"TRBV6-1, TRBV6-5, TRBV6-6, TRBV6-3",0.0014058469192212
68,1,"TRBV6-1, TRBV6-5, TRBV6-6, TRBV6-3, TRBV6-8",-0.0009480007254911
69,1,"TRBV6-1, TRBV6-5, TRBV6-6, TRBV6-8",-0.0005425049991811
70,1,"TRBV6-1, TRBV6-5, TRBV6-6, TRBV6-8, TRBV6-3",0.0096174254591623
71,1,"TRBV6-1, TRBV6-5, TRBV6-6, TRBV6-8, TRBV6-9",-0.0049489801379215
72,1,"TRBV6-1, TRBV6-5, TRBV6-6, TRBV6-9",-0.0026475558270997
73,1,"TRBV6-1, TRBV6-5, TRBV6-6, TRBV6-9, TRBV6-8",0.0001157186434274
74,1,"TRBV6-1, TRBV6-5, TRBV6-8",0.0004226185445017
75,1,"TRBV6-1, TRBV6-5, TRBV6-8, TRBV6-3",-0.0002500737928497
76,1,"TRBV6-1, TRBV6-6, TRBV6-5",0.0007577987694513
77,1,"TRBV6-1, TRBV6-6, TRBV6-5, TRBV6-8",-0.0002146666886837
78,1,"TRBV6-2, TRBV6-3",-0.0005504274068812
79,1,"TRBV6-2, TRBV6-3, TRBV6-1",-5.50427406881443e-05
80,1,"TRBV6-2, TRBV6-3, TRBV6-1, TRBV6-5",-4.95384666193299e-05
81,1,"TRBV6-2, TRBV6-3, TRBV6-1, TRBV6-5, TRBV6-6",-0.0072064991441753
82,1,"TRBV6-2, TRBV6-3, TRBV6-5, TRBV6-1, TRBV6-6",0.0036724094211872
83,1,"TRBV6-2, TRBV6-3, TRBV6-5, TRBV6-6",0.0076839975787421
84,1,"TRBV6-2, TRBV6-3, TRBV6-5, TRBV6-6, TRBV6-1",-0.0003102242291995
85,1,"TRBV6-3, TRBV6-2",-0.0001100854813762
86,1,"TRBV6-3, TRBV6-2, TRBV6-1, TRBV6-5, TRBV6-6",0.0024541021687617
87,1,"TRBV6-3, TRBV6-2, TRBV6-1, TRBV6-6, TRBV6-5",0.0019994229070909
88,1,"TRBV6-3, TRBV6-2, TRBV6-5, TRBV6-1, TRBV6-6",-0.0029612994490221
89,1,"TRBV6-3, TRBV6-2, TRBV6-5, TRBV6-6",0.0031244626186609
90,1,"TRBV6-3, TRBV6-2, TRBV6-5, TRBV6-6, TRBV6-1",0.0002943756758253
91,1,TRBV6-4,0.0023318759014776
92,1,"TRBV6-4, TRBV6-1",3.2494723465775e-07
93,1,"TRBV6-5, TRBV6-1",-0.0002531966071654
94,1,"TRBV6-5, TRBV6-1, TRBV6-3, TRBV6-8",-4.95384666193299e-05
95,1,"TRBV6-5, TRBV6-1, TRBV6-6",0.0016961866557395
96,1,"TRBV6-5, TRBV6-1, TRBV6-6, TRBV6-3",0.0008539809209586
97,1,"TRBV6-5, TRBV6-1, TRBV6-6, TRBV6-3, TRBV6-8",0.00255094635915
98,1,"TRBV6-5, TRBV6-1, TRBV6-6, TRBV6-8",0.0084878991976739
99,1,"TRBV6-5, TRBV6-1, TRBV6-6, TRBV6-8, TRBV6-3",0.0089394655594894
100,1,"TRBV6-5, TRBV6-6",-6.831600500819384e-05
101,1,"TRBV6-5, TRBV6-6, TRBV6-1",-0.0005090500490178
102,1,"TRBV6-5, TRBV6-6, TRBV6-1, TRBV6-3",8.102860500059999e-05
103,1,"TRBV6-5, TRBV6-6, TRBV6-1, TRBV6-3, TRBV6-8",-0.0014250869719907
104,1,"TRBV6-5, TRBV6-6, TRBV6-1, TRBV6-8",-0.0030603763822605
105,1,"TRBV6-5, TRBV6-6, TRBV6-1, TRBV6-8, TRBV6-3",0.0078929738485648
106,1,"TRBV6-5, TRBV6-6, TRBV6-1, TRBV6-8, TRBV6-9",0.0058349833535057
107,1,"TRBV6-5, TRBV6-6, TRBV6-1, TRBV6-9, TRBV6-8",-0.000737572725221
108,1,"TRBV6-5, TRBV6-6, TRBV6-2, TRBV6-3",-3.8529918481701e-05
109,1,"TRBV6-5, TRBV6-6, TRBV6-2, TRBV6-3, TRBV6-8",-0.0013368247575883
110,1,"TRBV6-5, TRBV6-6, TRBV6-3, TRBV6-1, TRBV6-8",-0.0002010189048281
111,1,"TRBV6-5, TRBV6-6, TRBV6-3, TRBV6-2, TRBV6-8",0.0023287739107371
112,1,"TRBV6-5, TRBV6-6, TRBV6-3, TRBV6-8, TRBV6-2",-0.0005008889402621
113,1,"TRBV6-5, TRBV6-6, TRBV6-8",-1.10085481376289e-05
114,1,"TRBV6-5, TRBV6-6, TRBV6-8, TRBV6-2, TRBV6-3",0.000337789717287
115,1,"TRBV6-6, TRBV6-1, TRBV6-5, TRBV6-8, TRBV6-9",-0.0003302564441288
116,1,"TRBV6-6, TRBV6-1, TRBV6-5, TRBV6-9, TRBV6-8",-0.0028677267898522
117,1,"TRBV6-6, TRBV6-5",0.0001632181964972
118,1,"TRBV6-6, TRBV6-5, TRBV6-1, TRBV6-8",0.0007607133801031
119,1,"TRBV6-6, TRBV6-5, TRBV6-1, TRBV6-8, TRBV6-9",0.0043806598095592
120,1,"TRBV6-6, TRBV6-5, TRBV6-3, TRBV6-2, TRBV6-8",-0.0004018120070234
121,1,"TRBV6-6, TRBV6-5, TRBV6-8, TRBV6-2, TRBV6-3",0.0010084552855006
122,1,TRBV6-7,0.0010055406748488
123,1,"TRBV6-8, TRBV6-1, TRBV6-5",0.0018884815575329
124,1,TRBV7-2,0.0001752610730999
125,1,"TRBV7-2, TRBV7-8",0.0316680807382896
126,1,"TRBV7-2, TRBV7-8, TRBV7-1",2.91461065173609e-06
127,1,TRBV7-3,0.0001376365951007
128,1,"TRBV7-3, TRBV7-4",-1.100854813762886e-05
129,1,TRBV7-4,-2.20170962752577e-05
130,1,"TRBV7-4, TRBV7-3",-9.35726591698454e-05
131,1,TRBV7-5,0.0007030710615376
132,1,TRBV7-6,-0.0056364988445936
133,1,"TRBV7-6, TRBV7-7",-0.0001817258145093
134,1,"TRBV7-6, TRBV7-7, TRBV7-9",-0.0005640256184359
135,1,"TRBV7-6, TRBV7-9",-0.0004111958189876
136,1,TRBV7-7,-7.4043851758e-06
137,1,"TRBV7-7, TRBV7-6",0.0010472231510269
138,1,TRBV7-8,0.0007679117915666
139,1,"TRBV7-8, TRBV7-2",-0.0073581302885959
140,1,TRBV7-9,-0.0165634998734127
141,1,"TRBV7-9, TRBV7-3",-5.50427406881443e-06
142,1,"TRBV7-9, TRBV7-6",-0.0005545129184892
143,1,"TRBV7-9, TRBV7-6, TRBV7-3",-1.10085481376289e-05
144,1,TRBV9,0.0026902451183129
0,1,TRBV10-1,0.0032735661365324
1,1,TRBV10-2,0.0034859451476273
2,1,TRBV10-3,-0.003934353117554
3,1,TRBV11-1,7.3234141756887e-05
4,1,"TRBV11-1, TRBV11-3",0.0015476815291287
5,1,TRBV11-2,0.0027528829449819
6,1,"TRBV11-2, TRBV11-3",-9.89961787475003e-06
7,1,"TRBV11-2, TRBV11-3, TRBV11-1",2.4411380585629e-06
8,1,TRBV11-3,-0.004084585452579
9,1,"TRBV11-3, TRBV11-1",2.510099109120012e-05
10,1,TRBV12-2,4.216904444099992e-06
11,1,"TRBV12-3, TRBV12-4",-0.0035375757226428
12,1,TRBV12-4,9.76455223425161e-06
13,1,TRBV12-5,-1.3016084135805106e-05
14,1,TRBV13,-9.89961787475003e-06
15,1,TRBV14,0.0003290332884032
16,1,TRBV15,0.0145791565505412
17,1,TRBV18,0.0026308061289942
18,1,TRBV19,-0.0132288497357471
19,1,TRBV2,0.0009640036406836
20,1,TRBV20-1,0.030831197723988
21,1,TRBV21-1,-0.0034532376337586
22,1,TRBV23-1,-0.0013113318347143
23,1,TRBV24-1,0.0030230591995259
24,1,TRBV25-1,-0.0033475976948117
25,1,TRBV27,0.0162343216923994
26,1,TRBV28,-0.0080327550915829
27,1,TRBV29-1,-0.0004574309298701
28,1,"TRBV3-1, TRBV3-2",-2.5762036990613294e-06
29,1,TRBV30,-0.0013133777323811
30,1,TRBV4-1,0.0009325147383708
31,1,"TRBV4-1, TRBV4-3",0.001393129220244
32,1,"TRBV4-2, TRBV4-3",0.0010465161805342
33,1,"TRBV4-3, TRBV4-1",2.4411380585629e-06
34,1,"TRBV4-3, TRBV4-1, TRBV4-2",-0.0002290773678691
35,1,"TRBV4-3, TRBV4-2",0.0002660840483833
36,1,"TRBV4-3, TRBV4-2, TRBV4-1",0.0054066203632727
37,1,TRBV5-1,-0.0002094430673485
38,1,TRBV5-3,8.29986939911387e-05
39,1,"TRBV5-3, TRBV5-5, TRBV5-8",4.8822761171258e-06
40,1,TRBV5-4,-0.0017869485592125
41,1,"TRBV5-4, TRBV5-8",0.0005467339678989
42,1,TRBV5-5,7.07930036983241e-05
43,1,"TRBV5-5, TRBV5-3",-1.97992357495001e-05
44,1,"TRBV5-5, TRBV5-3, TRBV5-6, TRBV5-8",3.173479476131771e-05
45,1,"TRBV5-5, TRBV5-6",0.0003231856397433
46,1,TRBV5-6,1.70879664099403e-05
47,1,"TRBV5-6, TRBV5-5, TRBV5-7",-0.0007322916349209
48,1,"TRBV5-6, TRBV5-5, TRBV5-7, TRBV5-3",9.76455223425161e-06
49,1,"TRBV5-6, TRBV5-7",-0.0005014839575407
50,1,"TRBV5-6, TRBV5-7, TRBV5-5",0.0006151667907576
51,1,TRBV5-8,0.0002465549439148
52,1,"TRBV5-8, TRBV5-4",-0.004480860211909
53,1,TRBV6-1,0.0016111511186513
54,1,"TRBV6-1, TRBV6-5",0.0086366113855546
55,1,"TRBV6-1, TRBV6-5, TRBV6-2, TRBV6-3",-9.89961787475003e-06
56,1,"TRBV6-1, TRBV6-5, TRBV6-6",0.0084828196878652
57,1,"TRBV6-1, TRBV6-5, TRBV6-6, TRBV6-2, TRBV6-3",-1.735809769093716e-05
58,1,"TRBV6-1, TRBV6-5, TRBV6-6, TRBV6-3",0.0001562328357479
59,1,"TRBV6-1, TRBV6-5, TRBV6-6, TRBV6-3, TRBV6-8",0.0028851550539402
60,1,"TRBV6-1, TRBV6-5, TRBV6-6, TRBV6-3, TRBV6-9",4.8822761171258e-06
61,1,"TRBV6-1, TRBV6-5, TRBV6-6, TRBV6-4, TRBV6-8",-9.89961787475003e-06
62,1,"TRBV6-1, TRBV6-5, TRBV6-6, TRBV6-8",0.0112786080496516
63,1,"TRBV6-1, TRBV6-5, TRBV6-6, TRBV6-8, TRBV6-3",0.0086367464511953
64,1,"TRBV6-1, TRBV6-5, TRBV6-6, TRBV6-8, TRBV6-9",0.0003801422089332
65,1,"TRBV6-1, TRBV6-5, TRBV6-6, TRBV6-9, TRBV6-8",0.0005834319959965
66,1,"TRBV6-1, TRBV6-6, TRBV6-5",0.0014036543836736
67,1,"TRBV6-2, TRBV6-3",-0.0025644231187491
68,1,"TRBV6-2, TRBV6-3, TRBV6-1, TRBV6-5, TRBV6-6",0.0068675157297206
69,1,"TRBV6-2, TRBV6-3, TRBV6-4, TRBV6-5, TRBV6-6",2.4411380585629e-06
70,1,"TRBV6-2, TRBV6-3, TRBV6-5, TRBV6-1, TRBV6-6",0.0016160333947683
71,1,"TRBV6-2, TRBV6-3, TRBV6-5, TRBV6-6",-0.0115059633487295
72,1,"TRBV6-2, TRBV6-3, TRBV6-5, TRBV6-6, TRBV6-1",0.0005126389922982
73,1,"TRBV6-3, TRBV6-2",0.0037593526101866
74,1,"TRBV6-3, TRBV6-2, TRBV6-1, TRBV6-5, TRBV6-6",-0.0050502111859313
75,1,"TRBV6-3, TRBV6-2, TRBV6-5, TRBV6-1, TRBV6-6",0.0028463669762842
76,1,"TRBV6-3, TRBV6-2, TRBV6-5, TRBV6-6",0.0032627154284187
77,1,"TRBV6-3, TRBV6-2, TRBV6-5, TRBV6-6, TRBV6-1",-0.0108602660924631
78,1,TRBV6-4,-0.0061833269650493
79,1,"TRBV6-4, TRBV6-1, TRBV6-5, TRBV6-6",2.4411380585629e-06
80,1,"TRBV6-5, TRBV6-1, TRBV6-6",0.0029073954277483
81,1,"TRBV6-5, TRBV6-1, TRBV6-6, TRBV6-3, TRBV6-8",0.0018015287126484
82,1,"TRBV6-5, TRBV6-1, TRBV6-6, TRBV6-8",-0.0195658202830224
83,1,"TRBV6-5, TRBV6-1, TRBV6-6, TRBV6-8, TRBV6-3",-0.0088112525637017
84,1,"TRBV6-5, TRBV6-6",-0.0081425984743243
85,1,"TRBV6-5, TRBV6-6, TRBV6-1, TRBV6-3, TRBV6-8",0.0112248575554891
86,1,"TRBV6-5, TRBV6-6, TRBV6-1, TRBV6-8",-0.0157700912744768
87,1,"TRBV6-5, TRBV6-6, TRBV6-1, TRBV6-8, TRBV6-3",-0.0079827643231573
88,1,"TRBV6-5, TRBV6-6, TRBV6-1, TRBV6-8, TRBV6-9",-0.0228640055822802
89,1,"TRBV6-5, TRBV6-6, TRBV6-2, TRBV6-3, TRBV6-8",0.0015480966825799
90,1,"TRBV6-5, TRBV6-6, TRBV6-3, TRBV6-2, TRBV6-8",0.0035787083938531
91,1,"TRBV6-5, TRBV6-6, TRBV6-8, TRBV6-1, TRBV6-3",-1.97992357495001e-05
92,1,"TRBV6-6, TRBV6-1, TRBV6-5, TRBV6-8",0.0010814241599433
93,1,"TRBV6-6, TRBV6-1, TRBV6-5, TRBV6-8, TRBV6-9",0.0010814241599433
94,1,"TRBV6-6, TRBV6-5, TRBV6-1, TRBV6-8",-0.016665980290422
95,1,"TRBV6-6, TRBV6-5, TRBV6-1, TRBV6-8, TRBV6-9",0.0007225768653346
96,1,"TRBV6-6, TRBV6-5, TRBV6-1, TRBV6-9, TRBV6-8",-0.0002026897853237
97,1,"TRBV6-6, TRBV6-5, TRBV6-8, TRBV6-2, TRBV6-3",0.0020749673497784
98,1,TRBV6-7,0.0006332101731809
99,1,"TRBV6-9, TRBV6-2, TRBV6-3",5.37050372883838e-05
100,1,"TRBV6-9, TRBV6-6, TRBV6-5",0.0014671239731963
101,1,TRBV7-2,-3.986860277999703e-05
102,1,"TRBV7-2, TRBV7-8",0.0396601806919222
103,1,TRBV7-3,0.0085656638139836
104,1,"TRBV7-3, TRBV7-4",-0.0015192095277811
105,1,TRBV7-4,0.0019699984132602
106,1,TRBV7-6,0.0009513663155001
107,1,"TRBV7-6, TRBV27",2.4411380585629e-06
108,1,"TRBV7-6, TRBV7-7",-0.0083732667602904
109,1,"TRBV7-6, TRBV7-7, TRBV7-9",-5.017341757624229e-06
110,1,"TRBV7-6, TRBV7-9",-5.017341757624229e-06
111,1,"TRBV7-7, TRBV7-6",-0.0076256330557565
112,1,TRBV7-8,-0.0001286950323717
113,1,"TRBV7-8, TRBV7-2",0.0108957666545453
114,1,"TRBV7-8, TRBV7-2, TRBV28",2.4411380585629e-06
115,1,TRBV7-9,-0.0398010401626603
116,1,"TRBV7-9, TRBV7-6",0.0001948858477633
117,1,TRBV9,0.0003111647977389
0,1,TRBV10-1,0.0201547518997841
1,1,TRBV10-2,0.0107592344726099
2,1,TRBV10-3,-0.0291728609813344
3,1,"TRBV10-3, TRBV6-1, TRBV6-5, TRBV6-6",3.96680576932231e-06
4,1,"TRBV11-1, TRBV11-3",-0.0018599862161734
5,1,TRBV11-2,-0.0001407241235833
6,1,TRBV11-3,-0.0004649965540433
7,1,"TRBV11-3, TRBV11-1",0.0038277694757925
8,1,TRBV12-2,-7.26557115692803e-05
9,1,"TRBV12-3, TRBV12-4",-0.003840810945532
10,1,"TRBV12-4, TRBV12-3",0.0034181010199148
11,1,TRBV12-5,-0.0010920965001897
12,1,TRBV13,-2.07587747340801e-06
13,1,TRBV14,0.0016287593288762
14,1,TRBV15,-0.0100332191937768
15,1,TRBV18,0.0017203061084641
16,1,TRBV19,0.0231242205305399
17,1,TRBV2,-0.0011973973390988
18,1,TRBV20-1,-0.0264344964105409
19,1,TRBV21-1,-0.0030384509519193
20,1,TRBV23-1,0.010139361707902
21,1,TRBV24-1,-0.0030183199832974
22,1,TRBV25-1,-0.0051753474903834
23,1,TRBV27,-0.0220740998189892
24,1,TRBV28,-0.0061965367157344
25,1,TRBV29-1,0.0151954795947215
26,1,"TRBV3-1, TRBV3-2",-3.146662393513035e-05
27,1,TRBV30,-0.0107339986102432
28,1,TRBV4-1,-0.001679384875987
29,1,"TRBV4-1, TRBV4-3",0.0025333668695198
30,1,"TRBV4-2, TRBV4-3",-0.0004649015926039
31,1,"TRBV4-3, TRBV4-1, TRBV4-2",-0.0075273166677545
32,1,"TRBV4-3, TRBV4-2",-0.0001411596681917
33,1,"TRBV4-3, TRBV4-2, TRBV4-1",-0.0097213534110628
34,1,TRBV5-1,-0.0027509661809912
35,1,TRBV5-3,-0.0005833215700275
36,1,TRBV5-4,-0.0012476023615181
37,1,"TRBV5-4, TRBV5-8",-0.0020632483925725
38,1,TRBV5-5,-0.0007286329931662
39,1,"TRBV5-5, TRBV5-3, TRBV5-6, TRBV5-8",-8.30350989363204e-06
40,1,"TRBV5-5, TRBV5-6",0.0015758133365906
41,1,"TRBV5-5, TRBV5-8, TRBV5-3",-4.15175494681602e-06
42,1,"TRBV5-6, TRBV5-5, TRBV5-7",-2.2608266509017194e-06
43,1,"TRBV5-6, TRBV5-7",0.0009944979134203
44,1,"TRBV5-6, TRBV5-7, TRBV5-5",0.000334473983346
45,1,TRBV5-8,-0.0007493917679002
46,1,"TRBV5-8, TRBV5-4",0.0063787762807285
47,1,"TRBV6-1, TRBV6-5",0.0106386375297301
48,1,"TRBV6-1, TRBV6-5, TRBV6-6",0.000410695179086
49,1,"TRBV6-1, TRBV6-5, TRBV6-6, TRBV6-2, TRBV6-3",1.586722307728924e-05
50,1,"TRBV6-1, TRBV6-5, TRBV6-6, TRBV6-3, TRBV6-8",-2.301960138498177e-05
51,1,"TRBV6-1, TRBV6-5, TRBV6-6, TRBV6-8",-0.0118560507835818
52,1,"TRBV6-1, TRBV6-5, TRBV6-6, TRBV6-8, TRBV6-3",-0.0019492489475299
53,1,"TRBV6-1, TRBV6-5, TRBV6-6, TRBV6-8, TRBV6-9",-6.4125815977177404e-06
54,1,"TRBV6-1, TRBV6-5, TRBV6-6, TRBV6-9",-0.0002034359923939
55,1,"TRBV6-1, TRBV6-5, TRBV6-8",-6.22763242022403e-06
56,1,"TRBV6-1, TRBV6-6, TRBV6-5, TRBV6-8, TRBV6-9",-0.0040790992352467
57,1,"TRBV6-2, TRBV6-3",-0.0007391973297106
58,1,"TRBV6-2, TRBV6-3, TRBV6-1, TRBV6-5, TRBV6-6",-0.000347411334769
59,1,"TRBV6-2, TRBV6-3, TRBV6-5, TRBV6-1, TRBV6-6",-0.0015029352907474
60,1,"TRBV6-2, TRBV6-3, TRBV6-5, TRBV6-6",-0.0028644208576559
61,1,"TRBV6-2, TRBV6-3, TRBV6-5, TRBV6-6, TRBV27",-2.07587747340801e-06
62,1,"TRBV6-3, TRBV6-2",-0.0002222098655458
63,1,"TRBV6-3, TRBV6-2, TRBV6-1, TRBV6-5, TRBV6-6",-0.0020509669437269
64,1,"TRBV6-3, TRBV6-2, TRBV6-5, TRBV6-1, TRBV6-6",-0.006269149969692
65,1,"TRBV6-3, TRBV6-2, TRBV6-5, TRBV6-6, TRBV6-1",0.0068318966601341
66,1,TRBV6-4,0.0015900371635305
67,1,"TRBV6-5, TRBV6-1, TRBV6-6, TRBV6-3",-0.0029664289095
68,1,"TRBV6-5, TRBV6-1, TRBV6-6, TRBV6-3, TRBV6-8",-0.0121625661166973
69,1,"TRBV6-5, TRBV6-1, TRBV6-6, TRBV6-8",0.0635562357522459
70,1,"TRBV6-5, TRBV6-1, TRBV6-6, TRBV6-8, TRBV6-3",-0.0073714409080716
71,1,"TRBV6-5, TRBV6-6, TRBV6-1",-0.0045378681568699
72,1,"TRBV6-5, TRBV6-6, TRBV6-1, TRBV6-2, TRBV6-3",3.96680576932231e-06
73,1,"TRBV6-5, TRBV6-6, TRBV6-1, TRBV6-3, TRBV6-8",-0.0127460726359021
74,1,"TRBV6-5, TRBV6-6, TRBV6-1, TRBV6-8",-0.0039524707093687
75,1,"TRBV6-5, TRBV6-6, TRBV6-1, TRBV6-8, TRBV6-3",0.002731103825112
76,1,"TRBV6-5, TRBV6-6, TRBV6-1, TRBV6-8, TRBV6-9",0.004898635226758
77,1,"TRBV6-5, TRBV6-6, TRBV6-2, TRBV6-3, TRBV6-8",0.0102837069486322
78,1,"TRBV6-5, TRBV6-6, TRBV6-8, TRBV6-2, TRBV6-3",0.0012336765942592
79,1,"TRBV6-6, TRBV6-5, TRBV6-1, TRBV6-3, TRBV6-8",-0.0028667867907764
80,1,"TRBV6-6, TRBV6-5, TRBV6-1, TRBV6-8",0.0132843089983568
81,1,"TRBV6-6, TRBV6-5, TRBV6-1, TRBV6-8, TRBV6-9",-0.0070434522672733
82,1,"TRBV6-6, TRBV6-5, TRBV6-3, TRBV6-1, TRBV6-8",-0.0001266285258778
83,1,"TRBV6-6, TRBV6-5, TRBV6-8, TRBV6-2, TRBV6-3",0.0452691874395062
84,1,"TRBV6-6, TRBV6-5, TRBV6-8, TRBV6-3, TRBV6-2",-0.0017022195281945
85,1,"TRBV6-6, TRBV6-5, TRBV6-9, TRBV6-1, TRBV6-8",-0.0023187551377967
86,1,TRBV6-7,-0.0001826772176598
87,1,"TRBV7-2, TRBV7-1, TRBV7-8",-2.07587747340801e-06
88,1,"TRBV7-2, TRBV7-8",-0.0258633283895105
89,1,TRBV7-3,-0.024302297581187
90,1,"TRBV7-3, TRBV7-4",-2.2608266509017194e-06
91,1,TRBV7-6,-9.954916652780022e-05
92,1,"TRBV7-6, TRBV7-7",-0.0009196137207197
93,1,"TRBV7-6, TRBV7-7, TRBV7-9",1.983402884661152e-05
94,1,"TRBV7-7, TRBV7-6",-0.0018454550738594
95,1,"TRBV7-8, TRBV7-2",-0.0115133157479535
96,1,TRBV7-9,0.0462999916175841
97,1,"TRBV7-9, TRBV7-6",-0.0010613282364439
98,1,TRBV9,-0.0009006377374781
99,1,"TRBV9, TRBV7-4",3.96680576932231e-06
0,1,TRBV1,7.545200162769857e-05
1,1,TRBV10-1,0.0006272927243763
2,1,TRBV10-2,0.0003343138216892
3,1,TRBV10-3,-0.0055315473704994
4,1,"TRBV10-3, TRBV6-1, TRBV6-5, TRBV6-6",-8.107463893473599e-07
5,1,"TRBV10-3, TRBV6-5, TRBV6-6, TRBV6-1",0.0004551018868475
6,1,TRBV11-1,-0.0010284573463715
7,1,"TRBV11-1, TRBV11-3",0.0006639150842512
8,1,TRBV11-2,-0.0230061558611862
9,1,"TRBV11-2, TRBV11-3",2.43369992966607e-06
10,1,"TRBV11-2, TRBV7-2, TRBV7-8",-3.24444631901343e-06
11,1,TRBV11-3,0.0003691496227222
12,1,"TRBV11-3, TRBV11-1",0.004174271563978
13,1,"TRBV11-3, TRBV11-1, TRBV7-3",5.35413984526536e-05
14,1,TRBV12-1,0.0005621846837528
15,1,TRBV12-2,-2.512437349990002e-05
16,1,"TRBV12-3, TRBV12-4",0.0086963051475404
17,1,"TRBV12-4, TRBV12-3",-0.0002707600788096
18,1,TRBV12-5,0.0011382922892405
19,1,TRBV13,2.43369992966607e-06
20,1,TRBV14,0.0001545311691203
21,1,TRBV15,-0.0010599655561137
22,1,"TRBV15, TRBV10-3",-3.24444631901343e-06
23,1,TRBV16,0.000159007084864
24,1,TRBV18,0.0066204321693055
25,1,TRBV19,0.0101620131867595
26,1,TRBV2,0.0153992713040177
27,1,TRBV20-1,-0.0193582283891267
28,1,TRBV21-1,-0.007101990762695
29,1,TRBV23-1,0.0016662970776174
30,1,TRBV24-1,-0.0052959941024867
31,1,"TRBV24-1, TRBV10-3",2.43369992966607e-06
32,1,TRBV25-1,-0.0065708744573064
33,1,TRBV27,0.0288373528641908
34,1,TRBV28,0.0008828268347065
35,1,TRBV29-1,0.0013928008738452
36,1,"TRBV3-1, TRBV3-2",2.3539399761923914e-05
37,1,TRBV30,0.0049028564840542
38,1,TRBV4-1,0.0018781458324281
39,1,"TRBV4-1, TRBV4-3",-0.0012539953247453
40,1,TRBV4-2,0.0001127740900084
41,1,"TRBV4-2, TRBV4-3",0.0010025543395494
42,1,TRBV4-3,0.0001452273177685
43,1,"TRBV4-3, TRBV4-1",0.000365909558688
44,1,"TRBV4-3, TRBV4-1, TRBV4-2",-0.0003515659376052
45,1,"TRBV4-3, TRBV4-2",0.0003125069325895
46,1,"TRBV4-3, TRBV4-2, TRBV4-1",5.0682593202199845e-05
47,1,TRBV5-1,0.0038409890873718
48,1,TRBV5-3,0.0002474310287213
49,1,TRBV5-4,-0.0005539223791271
50,1,"TRBV5-4, TRBV5-8",-0.0042354632789999
51,1,TRBV5-5,0.0003854390493518
52,1,"TRBV5-5, TRBV5-1, TRBV5-3, TRBV5-6, TRBV5-8",2.43369992966607e-06
53,1,"TRBV5-5, TRBV5-3, TRBV5-6, TRBV5-8",7.302560550622199e-06
54,1,"TRBV5-5, TRBV5-3, TRBV5-8",6.57098981009839e-05
55,1,"TRBV5-5, TRBV5-3, TRBV5-8, TRBV5-6",2.43369992966607e-05
56,1,"TRBV5-5, TRBV5-6",-0.0003047661435517
57,1,"TRBV5-5, TRBV5-8",-2.2711124233094e-05
58,1,TRBV5-6,8.51794975383125e-05
59,1,"TRBV5-6, TRBV5-5, TRBV5-7",0.000666909740333
60,1,"TRBV5-6, TRBV5-7",3.664573206100001e-05
61,1,"TRBV5-6, TRBV5-7, TRBV5-5",-0.0010170499272169
62,1,TRBV5-8,-0.0001232889601225
63,1,"TRBV5-8, TRBV5-4",-0.0010939218365196
64,1,"TRBV5-8, TRBV5-4, TRBV5-3",2.43369992966607e-06
65,1,TRBV6-1,-0.0030294495281505
66,1,"TRBV6-1, TRBV6-2, TRBV6-3, TRBV6-5",0.0004331985874805
67,1,"TRBV6-1, TRBV6-5",-0.0051534195278267
68,1,"TRBV6-1, TRBV6-5, TRBV6-3, TRBV6-8",-0.000733244868097
69,1,"TRBV6-1, TRBV6-5, TRBV6-6",0.0085924814045707
70,1,"TRBV6-1, TRBV6-5, TRBV6-6, TRBV6-2, TRBV6-3",-1.054408534638765e-05
71,1,"TRBV6-1, TRBV6-5, TRBV6-6, TRBV6-3",0.0004088630489454
72,1,"TRBV6-1, TRBV6-5, TRBV6-6, TRBV6-3, TRBV6-8",-0.0039567082149429
73,1,"TRBV6-1, TRBV6-5, TRBV6-6, TRBV6-3, TRBV6-9",2.43369992966607e-06
74,1,"TRBV6-1, TRBV6-5, TRBV6-6, TRBV6-8",0.005121043625679
75,1,"TRBV6-1, TRBV6-5, TRBV6-6, TRBV6-8, TRBV6-3",0.0025462767457897
76,1,"TRBV6-1, TRBV6-5, TRBV6-6, TRBV6-8, TRBV6-9",0.0051712515187306
77,1,"TRBV6-1, TRBV6-5, TRBV6-6, TRBV6-9",-6.48889263802686e-06
78,1,"TRBV6-1, TRBV6-6, TRBV6-5",0.0004745714862848
79,1,"TRBV6-1, TRBV6-6, TRBV6-5, TRBV6-8",7.05772979603161e-05
80,1,"TRBV6-2, TRBV6-3",0.0033145707334932
81,1,"TRBV6-2, TRBV6-3, TRBV6-1, TRBV6-5",0.0005427150843154
82,1,"TRBV6-2, TRBV6-3, TRBV6-1, TRBV6-5, TRBV6-6",0.0052662870592019
83,1,"TRBV6-2, TRBV6-3, TRBV6-5",-0.0003341604417189
84,1,"TRBV6-2, TRBV6-3, TRBV6-5, TRBV6-1",0.0004185963879025
85,1,"TRBV6-2, TRBV6-3, TRBV6-5, TRBV6-1, TRBV6-6",-0.00380852860318
86,1,"TRBV6-2, TRBV6-3, TRBV6-5, TRBV6-6",0.0062438850128381
87,1,"TRBV6-2, TRBV6-3, TRBV6-5, TRBV6-6, TRBV6-1",0.0011362427696174
88,1,"TRBV6-3, TRBV6-2",0.0006153228883089
89,1,"TRBV6-3, TRBV6-2, TRBV6-1, TRBV6-5",0.0002798754919115
90,1,"TRBV6-3, TRBV6-2, TRBV6-1, TRBV6-5, TRBV6-6",0.0011765040051382
91,1,"TRBV6-3, TRBV6-2, TRBV6-5, TRBV6-1, TRBV6-6",-0.0008101781293876
92,1,"TRBV6-3, TRBV6-2, TRBV6-5, TRBV6-6",0.0030547257734835
93,1,"TRBV6-3, TRBV6-2, TRBV6-5, TRBV6-6, TRBV6-1",-9.14565797407998e-05
94,1,TRBV6-4,0.0080987076619132
95,1,"TRBV6-4, TRBV6-1",2.43369992966607e-06
96,1,"TRBV6-5, TRBV6-1, TRBV6-6",-0.00111836108913
97,1,"TRBV6-5, TRBV6-1, TRBV6-6, TRBV6-3, TRBV6-8",-0.0061847984921985
98,1,"TRBV6-5, TRBV6-1, TRBV6-6, TRBV6-8",0.0014045092098949
99,1,"TRBV6-5, TRBV6-1, TRBV6-6, TRBV6-8, TRBV6-3",0.002889282383399
100,1,"TRBV6-5, TRBV6-1, TRBV6-8, TRBV6-3",0.0005524498840341
101,1,"TRBV6-5, TRBV6-6, TRBV6-1",-0.003769209582595
102,1,"TRBV6-5, TRBV6-6, TRBV6-1, TRBV6-3",0.0015088939563927
103,1,"TRBV6-5, TRBV6-6, TRBV6-1, TRBV6-3, TRBV6-8",0.0033281313626576
104,1,"TRBV6-5, TRBV6-6, TRBV6-1, TRBV6-8",0.0008760691382416
105,1,"TRBV6-5, TRBV6-6, TRBV6-1, TRBV6-8, TRBV6-3",-0.002346783562869
106,1,"TRBV6-5, TRBV6-6, TRBV6-1, TRBV6-8, TRBV6-9",-0.0004891488766034
107,1,"TRBV6-5, TRBV6-6, TRBV6-1, TRBV6-9",-0.0006975559585878
108,1,"TRBV6-5, TRBV6-6, TRBV6-1, TRBV6-9, TRBV6-8",0.0001476800075992
109,1,"TRBV6-5, TRBV6-6, TRBV6-2, TRBV6-3",-0.0004250224677907
110,1,"TRBV6-5, TRBV6-6, TRBV6-2, TRBV6-3, TRBV6-8",0.0039325859002279
111,1,"TRBV6-5, TRBV6-6, TRBV6-3, TRBV6-1, TRBV6-8",3.2970337374999686e-06
112,1,"TRBV6-5, TRBV6-6, TRBV6-3, TRBV6-2, TRBV6-8",-0.0022864289590095
113,1,"TRBV6-5, TRBV6-6, TRBV6-3, TRBV6-8, TRBV6-2",0.000829891676016
114,1,"TRBV6-5, TRBV6-6, TRBV6-8",-1.94666779140806e-05
115,1,"TRBV6-5, TRBV6-6, TRBV6-8, TRBV6-1",0.0001922622944436
116,1,"TRBV6-5, TRBV6-6, TRBV6-8, TRBV6-2, TRBV6-3",0.0014215407744936
117,1,"TRBV6-5, TRBV6-6, TRBV6-8, TRBV6-3, TRBV6-2",0.0001898285945139
118,1,"TRBV6-5, TRBV6-6, TRBV6-9, TRBV6-1, TRBV6-8",-3.24444631901343e-06
119,1,"TRBV6-6, TRBV6-1, TRBV6-5",0.0001216849964833
120,1,"TRBV6-6, TRBV6-1, TRBV6-5, TRBV6-8",0.0001314197962019
121,1,"TRBV6-6, TRBV6-1, TRBV6-5, TRBV6-8, TRBV6-9",0.0005329802845965
122,1,"TRBV6-6, TRBV6-5, TRBV6-1",-0.002436579185579
123,1,"TRBV6-6, TRBV6-5, TRBV6-1, TRBV6-3, TRBV6-8",-0.0023576387904412
124,1,"TRBV6-6, TRBV6-5, TRBV6-1, TRBV6-8",0.0005889553829791
125,1,"TRBV6-6, TRBV6-5, TRBV6-1, TRBV6-8, TRBV6-9",-0.0046481375497753
126,1,"TRBV6-6, TRBV6-5, TRBV6-1, TRBV6-9, TRBV6-8",-0.0002869268014628
127,1,"TRBV6-6, TRBV6-5, TRBV6-3, TRBV6-8, TRBV6-2",-0.0006261781395695
128,1,TRBV6-7,0.0015990518716739
129,1,"TRBV6-8, TRBV6-1, TRBV6-5",0.0004575355867772
130,1,"TRBV6-9, TRBV6-5, TRBV6-6, TRBV6-1, TRBV6-8",0.0003553201897312
131,1,TRBV7-2,-0.0006300989422086
132,1,"TRBV7-2, TRBV7-8",-0.0183538374932041
133,1,"TRBV7-2, TRBV7-9, TRBV7-8",-0.0001200445138034
134,1,TRBV7-3,-0.0090674562505705
135,1,"TRBV7-3, TRBV7-4",0.0028791049965969
136,1,TRBV7-4,-0.0010325344505041
137,1,TRBV7-5,-3.24444631901343e-06
138,1,TRBV7-6,-0.004380179330201
139,1,"TRBV7-6, TRBV7-7",-0.002339834506631
140,1,"TRBV7-6, TRBV7-7, TRBV7-9",8.27457976086464e-05
141,1,"TRBV7-6, TRBV7-9",2.43369992966607e-06
142,1,"TRBV7-7, TRBV7-6",0.0014033040815551
143,1,TRBV7-8,0.0005566599174747
144,1,"TRBV7-8, TRBV7-2",-0.0043346081551141
145,1,TRBV7-9,-0.0120581113136886
146,1,"TRBV7-9, TRBV5-6",2.43369992966607e-06
147,1,"TRBV7-9, TRBV7-4",-0.0003949810285362
148,1,"TRBV7-9, TRBV7-6",-0.0002618301824339
149,1,TRBV9,0.0012682249827333
0,1,TRBV10-1,0.0005986184489311
1,1,TRBV10-2,0.002930960294842
2,1,TRBV10-3,0.0324986501561954
3,1,"TRBV11-1, TRBV11-3",1.870825720112e-05
4,1,TRBV11-2,0.0030951391538841
5,1,"TRBV11-2, TRBV11-3",-0.0015199768384481
6,1,"TRBV11-2, TRBV11-3, TRBV11-1",-1.03399784928447e-05
7,1,"TRBV11-3, TRBV11-1",0.0022681240004744
8,1,"TRBV12-3, TRBV12-4",-1.5773598276599987e-05
9,1,TRBV12-5,6.23608573370667e-06
10,1,TRBV15,0.0218284322609477
11,1,TRBV18,6.511290609099996e-06
12,1,TRBV19,-0.0017063711403472
13,1,TRBV2,0.0004457656761986
14,1,TRBV20-1,-0.1202783775930094
15,1,TRBV21-1,9.977737173930664e-05
16,1,TRBV23-1,6.23608573370667e-06
17,1,TRBV24-1,0.0212297680305119
18,1,TRBV25-1,-0.0121562380759009
19,1,TRBV27,0.0155413359365849
20,1,TRBV28,-0.1100937525102614
21,1,TRBV29-1,0.0033592785106831
22,1,TRBV30,-0.000376870379576
23,1,"TRBV4-1, TRBV4-3",-0.0007722427416588
24,1,"TRBV4-2, TRBV4-3",-0.0001838269267065
25,1,TRBV4-3,4.98886858696533e-05
26,1,"TRBV4-3, TRBV4-1, TRBV4-2",-0.0008727078676627
27,1,"TRBV4-3, TRBV4-2",0.0004864146872291
28,1,"TRBV4-3, TRBV4-2, TRBV4-1",0.0013372049497385
29,1,TRBV5-1,-0.0002993778967223
30,1,TRBV5-4,5.612477160336e-05
31,1,"TRBV5-4, TRBV5-8",0.000288992136725
32,1,"TRBV5-6, TRBV5-5, TRBV5-7",6.23608573370667e-06
33,1,"TRBV6-1, TRBV6-5",0.0022512269498681
34,1,"TRBV6-1, TRBV6-5, TRBV6-6",0.0027812942372331
35,1,"TRBV6-1, TRBV6-5, TRBV6-6, TRBV6-2, TRBV6-3",-2.06799569856894e-05
36,1,"TRBV6-1, TRBV6-5, TRBV6-6, TRBV6-3, TRBV6-8",2.132192974568641e-06
37,1,"TRBV6-1, TRBV6-5, TRBV6-6, TRBV6-8",-0.0007071298355677
38,1,"TRBV6-1, TRBV6-5, TRBV6-6, TRBV6-8, TRBV6-3",0.0025193786364174
39,1,"TRBV6-1, TRBV6-5, TRBV6-6, TRBV6-8, TRBV6-9",-1.03399784928447e-05
40,1,"TRBV6-1, TRBV6-5, TRBV6-6, TRBV6-9",6.23608573370667e-05
41,1,"TRBV6-1, TRBV6-5, TRBV6-8",0.0008792880884526
42,1,"TRBV6-2, TRBV6-3, TRBV6-1, TRBV6-5, TRBV6-6",-0.0211959929511917
43,1,"TRBV6-2, TRBV6-3, TRBV6-5",1.870825720112e-05
44,1,"TRBV6-2, TRBV6-3, TRBV6-5, TRBV6-1, TRBV6-6",0.0092106986286847
45,1,"TRBV6-2, TRBV6-3, TRBV6-5, TRBV6-6",0.0007878789954215
46,1,"TRBV6-3, TRBV6-2, TRBV6-1, TRBV6-5, TRBV6-6",-0.0006927785590205
47,1,TRBV6-4,-0.009138064143796
48,1,"TRBV6-4, TRBV6-1, TRBV6-5, TRBV6-6",-1.03399784928447e-05
49,1,"TRBV6-5, TRBV6-1, TRBV6-6, TRBV6-3, TRBV6-8",-1.03399784928447e-05
50,1,"TRBV6-5, TRBV6-1, TRBV6-6, TRBV6-8",0.073086924799042
51,1,"TRBV6-5, TRBV6-1, TRBV6-6, TRBV6-8, TRBV6-3",0.0010663706604638
52,1,"TRBV6-5, TRBV6-6, TRBV6-1, TRBV6-3, TRBV6-8",-0.0103836995073135
53,1,"TRBV6-5, TRBV6-6, TRBV6-1, TRBV6-8",0.0025380868936186
54,1,"TRBV6-5, TRBV6-6, TRBV6-1, TRBV6-8, TRBV6-3",0.0094788503152341
55,1,"TRBV6-5, TRBV6-6, TRBV6-1, TRBV6-8, TRBV6-9",0.0060240588187606
56,1,"TRBV6-5, TRBV6-6, TRBV6-1, TRBV6-9",-0.0002274795268425
57,1,"TRBV6-5, TRBV6-6, TRBV6-2, TRBV6-3, TRBV6-8",0.0042301983204276
58,1,"TRBV6-5, TRBV6-6, TRBV6-8, TRBV6-2, TRBV6-3",-0.0065762263214492
59,1,"TRBV7-2, TRBV7-8",-0.0766378660311056
60,1,"TRBV7-2, TRBV7-8, TRBV7-1",2.49443429348267e-05
61,1,TRBV7-3,0.0254671309629634
62,1,"TRBV7-3, TRBV2",-1.03399784928447e-05
63,1,"TRBV7-3, TRBV28",6.23608573370667e-06
64,1,"TRBV7-3, TRBV7-4",3.11804286685333e-05
65,1,TRBV7-4,6.23608573370667e-06
66,1,TRBV7-5,0.005612477160336
67,1,TRBV7-6,-0.0186312873367096
68,1,"TRBV7-6, TRBV7-7",-4.103892759138029e-06
69,1,"TRBV7-6, TRBV7-7, TRBV7-9",-3.1019935478534096e-05
70,1,"TRBV7-8, TRBV7-2",0.0280210258877084
71,1,TRBV7-9,0.1123993805903258
72,1,"TRBV7-9, TRBV7-6",-8.207785518276059e-06
73,1,TRBV9,-8.27198279427579e-05
0,1,TRBV10-1,-0.000903247768219
1,1,TRBV10-2,0.0029953499870857
2,1,TRBV10-3,-0.0141445791689859
3,1,"TRBV11-1, TRBV11-3",0.0026021746137741
4,1,TRBV11-2,0.0203419076801292
5,1,TRBV11-3,0.0026789030882697
6,1,"TRBV11-3, TRBV11-1",-0.0011828533741573
7,1,"TRBV12-3, TRBV12-4",0.0164495605968393
8,1,"TRBV12-3, TRBV12-4, TRBV6-6",-3.62217787066652e-06
9,1,TRBV12-5,-0.0008077456651585
10,1,TRBV13,5.10910137364056e-06
11,1,TRBV14,0.000339441457084
12,1,"TRBV14, TRBV3-1, TRBV3-2, TRBV4-2",1.23534571149736e-05
13,1,TRBV15,-0.0165099795385705
14,1,"TRBV15, TRBV10-3",-3.62217787066652e-06
15,1,TRBV16,0.0011488715116925
16,1,TRBV18,0.0110753063078762
17,1,TRBV19,0.0006178465613485
18,1,TRBV2,-0.0041731896144869
19,1,TRBV20-1,-0.0242920520572069
20,1,TRBV21-1,0.0030925979164297
21,1,TRBV23-1,0.0058300283363146
22,1,TRBV24-1,0.0001344032078441
23,1,TRBV25-1,0.0034948363636822
24,1,TRBV27,-0.0198335163186895
25,1,TRBV28,-0.0058184736475246
26,1,TRBV29-1,0.0022124421641795
27,1,"TRBV3-1, TRBV3-2",6.985023395445674e-05
28,1,TRBV30,0.0015080234978622
29,1,TRBV4-1,0.0012033944415259
30,1,"TRBV4-1, TRBV4-3",0.0026989509158624
31,1,"TRBV4-2, TRBV4-3",-0.0005726214899151
32,1,"TRBV4-3, TRBV4-1, TRBV4-2",-3.62217787066652e-06
33,1,TRBV5-1,0.0056043956372272
34,1,TRBV5-4,-0.0014742263933611
35,1,"TRBV5-4, TRBV5-8",0.0095860916092635
36,1,TRBV5-5,2.0358859950499997e-05
37,1,"TRBV5-5, TRBV5-3, TRBV5-6, TRBV5-8",0.000107558936164
38,1,"TRBV5-5, TRBV5-3, TRBV5-8",0.0001569727646239
39,1,"TRBV5-5, TRBV5-6",0.0002652855437089
40,1,"TRBV5-6, TRBV5-5, TRBV5-7",0.002038813663747
41,1,"TRBV5-6, TRBV5-7",0.0001145706552733
42,1,"TRBV5-6, TRBV5-7, TRBV5-5",0.000357369288837
43,1,TRBV5-8,-0.0001448871148266
44,1,"TRBV5-8, TRBV5-4",0.0040878239177212
45,1,"TRBV5-8, TRBV5-4, TRBV11-2",-1.08665336119996e-05
46,1,"TRBV5-8, TRBV5-4, TRBV5-3",0.0001111811140347
47,1,TRBV6-1,-0.0010487616013901
48,1,"TRBV6-1, TRBV6-5",0.0076638152059045
49,1,"TRBV6-1, TRBV6-5, TRBV6-6",-0.0228840973029432
50,1,"TRBV6-1, TRBV6-5, TRBV6-6, TRBV6-2, TRBV6-3",5.814510770420148e-05
51,1,"TRBV6-1, TRBV6-5, TRBV6-6, TRBV6-3",0.001865372024361
52,1,"TRBV6-1, TRBV6-5, TRBV6-6, TRBV6-3, TRBV6-8",-0.0025408382809605
53,1,"TRBV6-1, TRBV6-5, TRBV6-6, TRBV6-8",0.0018141954107253
54,1,"TRBV6-1, TRBV6-5, TRBV6-6, TRBV6-8, TRBV6-3",0.0009858518949921
55,1,"TRBV6-1, TRBV6-5, TRBV6-6, TRBV6-8, TRBV6-9",0.0059386936724346
56,1,"TRBV6-1, TRBV6-5, TRBV6-6, TRBV6-9, TRBV6-8",-0.0001557536484386
57,1,"TRBV6-2, TRBV6-3",0.0006385529219873
58,1,"TRBV6-2, TRBV6-3, TRBV6-1, TRBV6-5, TRBV6-6",0.0023530973416835
59,1,"TRBV6-2, TRBV6-3, TRBV6-5, TRBV6-1, TRBV6-6",-0.0017060457770839
60,1,"TRBV6-2, TRBV6-3, TRBV6-5, TRBV6-6",-0.0017993838090827
61,1,"TRBV6-2, TRBV6-3, TRBV6-5, TRBV6-6, TRBV6-1",-0.0055324470199546
62,1,"TRBV6-2, TRBV6-3, TRBV6-6, TRBV6-5, TRBV6-1",-0.0022711055249079
63,1,"TRBV6-3, TRBV6-2",0.006065547443452
64,1,"TRBV6-3, TRBV6-2, TRBV6-1, TRBV6-5, TRBV6-6",0.0003511114126489
65,1,"TRBV6-3, TRBV6-2, TRBV6-5, TRBV6-6, TRBV6-1",-0.0018074667574625
66,1,"TRBV6-3, TRBV6-2, TRBV6-6, TRBV6-1, TRBV6-5",0.0021000877095455
67,1,TRBV6-4,-0.0049758083691986
68,1,"TRBV6-5, TRBV6-1, TRBV6-3, TRBV6-8",-0.0013076062113106
69,1,"TRBV6-5, TRBV6-1, TRBV6-6",-0.0015865139073518
70,1,"TRBV6-5, TRBV6-1, TRBV6-6, TRBV6-2, TRBV6-3",-3.62217787066652e-06
71,1,"TRBV6-5, TRBV6-1, TRBV6-6, TRBV6-3, TRBV6-8",0.0014306882171786
72,1,"TRBV6-5, TRBV6-1, TRBV6-6, TRBV6-8",-0.035976633794621
73,1,"TRBV6-5, TRBV6-1, TRBV6-6, TRBV6-8, TRBV6-3",-0.009784856723787
74,1,"TRBV6-5, TRBV6-1, TRBV6-8, TRBV6-6",-3.62217787066652e-06
75,1,"TRBV6-5, TRBV6-6",-0.0004838849111663
76,1,"TRBV6-5, TRBV6-6, TRBV6-1",0.0023348033947299
77,1,"TRBV6-5, TRBV6-6, TRBV6-1, TRBV6-3, TRBV6-8",6.31974258722e-05
78,1,"TRBV6-5, TRBV6-6, TRBV6-1, TRBV6-8",-0.0009155092714432
79,1,"TRBV6-5, TRBV6-6, TRBV6-1, TRBV6-8, TRBV6-3",0.005012430583609
80,1,"TRBV6-5, TRBV6-6, TRBV6-1, TRBV6-8, TRBV6-9",-0.0046847319740063
81,1,"TRBV6-5, TRBV6-6, TRBV6-1, TRBV6-9, TRBV6-8",-0.0011464197211569
82,1,"TRBV6-5, TRBV6-6, TRBV6-2, TRBV6-3, TRBV6-8",-0.0080352871788674
83,1,"TRBV6-5, TRBV6-6, TRBV6-3, TRBV6-1, TRBV6-8",-0.0001919754271453
84,1,"TRBV6-5, TRBV6-6, TRBV6-3, TRBV6-8, TRBV6-2",0.0044101841900455
85,1,"TRBV6-5, TRBV6-6, TRBV6-8, TRBV6-1, TRBV6-3",0.004187821961976
86,1,"TRBV6-5, TRBV6-6, TRBV6-8, TRBV6-2, TRBV6-3",-0.0027021446915172
87,1,"TRBV6-6, TRBV6-1, TRBV6-5",-7.60657352839969e-05
88,1,"TRBV6-6, TRBV6-1, TRBV6-5, TRBV6-8, TRBV6-9",-0.0009295822886934
89,1,"TRBV6-6, TRBV6-5, TRBV6-1, TRBV6-3, TRBV6-8",-0.0014054050138186
90,1,"TRBV6-6, TRBV6-5, TRBV6-1, TRBV6-8",-0.008168011098353
91,1,"TRBV6-6, TRBV6-5, TRBV6-1, TRBV6-8, TRBV6-3",-0.0009924767365626
92,1,"TRBV6-6, TRBV6-5, TRBV6-1, TRBV6-8, TRBV6-9",-0.0229646077000254
93,1,"TRBV6-6, TRBV6-5, TRBV6-1, TRBV6-9, TRBV6-8",-0.0004165504551266
94,1,"TRBV6-6, TRBV6-5, TRBV6-3, TRBV6-2, TRBV6-8",0.0049907966744493
95,1,TRBV7-2,-3.62217787066652e-06
96,1,"TRBV7-2, TRBV7-8",0.0248720135707097
97,1,TRBV7-3,0.0069934940715456
98,1,"TRBV7-3, TRBV7-4",-2.535524509466572e-05
99,1,TRBV7-4,0.0053958034484054
100,1,TRBV7-6,-0.0039884839590504
101,1,"TRBV7-6, TRBV7-7",0.0036406963998971
102,1,"TRBV7-6, TRBV7-7, TRBV7-9",5.10910137364056e-06
103,1,"TRBV7-6, TRBV7-9",1.23534571149736e-05
104,1,"TRBV7-7, TRBV7-6",-1.448871148266608e-05
105,1,TRBV7-8,0.0020594051603299
106,1,"TRBV7-8, TRBV7-2",0.0088388996173046
107,1,TRBV7-9,0.0341008172401261
108,1,"TRBV7-9, TRBV7-6",8.43389454371228e-05
109,1,TRBV9,0.0011791735628992
0,1,TRBV10-1,0.0003102468008762
1,1,TRBV10-2,0.0051398652576563
2,1,TRBV10-3,0.0022559044043501
3,1,"TRBV11-1, TRBV11-3",-0.0012062296416937
4,1,TRBV11-2,-0.0001068811074918
5,1,"TRBV11-3, TRBV11-1",0.0001650851850278
6,1,"TRBV11-3, TRBV11-1, TRBV11-2",0.0002212878955521
7,1,"TRBV12-3, TRBV12-4",-6.107491856677523e-05
8,1,TRBV13,-1.017915309446254e-05
9,1,TRBV14,-1.52687296416938e-05
10,1,TRBV15,-0.0125642825118413
11,1,TRBV18,0.0004222174849152
12,1,TRBV19,-0.001431909957811
13,1,TRBV2,0.0001093172115131
14,1,TRBV20-1,-0.0177269083918577
15,1,TRBV21-1,-0.0001832247557002
16,1,TRBV24-1,0.0315657418316291
17,1,TRBV25-1,-4.58061889250815e-05
18,1,TRBV27,-0.0015904662038599
19,1,TRBV28,-0.01403318228212
20,1,TRBV29-1,0.0031181714754136
21,1,"TRBV29-1, TRBV20-1",0.0002212878955521
22,1,"TRBV4-1, TRBV4-3",-0.0012701754012913
23,1,"TRBV4-2, TRBV4-1, TRBV4-3",-5.08957654723127e-06
24,1,"TRBV4-2, TRBV4-3",-0.0021993491739183
25,1,"TRBV4-3, TRBV4-1, TRBV4-2",0.0020805499652932
26,1,"TRBV4-3, TRBV4-2",-2.03583061889251e-05
27,1,"TRBV4-3, TRBV4-2, TRBV4-1",-0.0001679560260586
28,1,TRBV5-1,0.0001144067880603
29,1,TRBV5-3,-8.143322475570026e-05
30,1,TRBV5-4,0.0024341668510732
31,1,"TRBV5-4, TRBV5-8",-0.0002732705035487
32,1,"TRBV5-5, TRBV5-3, TRBV5-6, TRBV5-8",-1.017915309446254e-05
33,1,"TRBV5-6, TRBV5-5, TRBV5-7",0.000394116129653
34,1,"TRBV5-6, TRBV5-7",-5.08957654723127e-06
35,1,"TRBV5-8, TRBV5-4",-1.526872964169377e-05
36,1,"TRBV5-8, TRBV5-5, TRBV5-3, TRBV5-4",-0.0006870928338762
37,1,"TRBV6-1, TRBV6-5",-0.0013161989587216
38,1,"TRBV6-1, TRBV6-5, TRBV6-6",0.0164031882576137
39,1,"TRBV6-1, TRBV6-5, TRBV6-6, TRBV6-2, TRBV6-3",-5.08957654723127e-06
40,1,"TRBV6-1, TRBV6-5, TRBV6-6, TRBV6-3, TRBV6-8",0.007271963093936
41,1,"TRBV6-1, TRBV6-5, TRBV6-6, TRBV6-8",-0.014406544787733
42,1,"TRBV6-1, TRBV6-5, TRBV6-6, TRBV6-8, TRBV6-9",0.0004120383318208
43,1,"TRBV6-2, TRBV6-3",0.0122801514668793
44,1,"TRBV6-2, TRBV6-3, TRBV6-1, TRBV6-5, TRBV6-6",-0.000741294177389
45,1,"TRBV6-2, TRBV6-3, TRBV6-5, TRBV6-6",0.0001473803513649
46,1,"TRBV6-2, TRBV6-3, TRBV6-5, TRBV6-6, TRBV6-1",-1.52687296416938e-05
47,1,TRBV6-4,-0.0018647413328308
48,1,"TRBV6-4, TRBV6-1, TRBV6-5, TRBV6-6",0.0002212878955521
49,1,"TRBV6-5, TRBV6-1",-5.08957654723127e-05
50,1,"TRBV6-5, TRBV6-1, TRBV6-6, TRBV6-3, TRBV6-8",0.0001958400128159
51,1,"TRBV6-5, TRBV6-1, TRBV6-6, TRBV6-8",-0.0044839169381106
52,1,"TRBV6-5, TRBV6-1, TRBV6-6, TRBV6-8, TRBV6-3",-0.0035932410423452
53,1,"TRBV6-5, TRBV6-6, TRBV6-1, TRBV6-3, TRBV6-8",-0.002425726646018
54,1,"TRBV6-5, TRBV6-6, TRBV6-1, TRBV6-8",0.0027086142980812
55,1,"TRBV6-5, TRBV6-6, TRBV6-1, TRBV6-8, TRBV6-3",-0.0015981270358306
56,1,"TRBV6-5, TRBV6-6, TRBV6-1, TRBV6-9, TRBV6-8",-0.0012011400651465
57,1,"TRBV6-5, TRBV6-6, TRBV6-2, TRBV6-3, TRBV6-8",0.0072336825855797
58,1,"TRBV6-9, TRBV6-1, TRBV6-5, TRBV6-6",0.0110643947776057
59,1,TRBV7-2,-2.810135526219997e-05
60,1,"TRBV7-2, TRBV7-8",-0.0374779669426882
61,1,"TRBV7-2, TRBV7-8, TRBV7-9",8.386932877700002e-05
62,1,TRBV7-3,0.0198457512543858
63,1,"TRBV7-3, TRBV7-4",-0.0220916330560146
64,1,TRBV7-6,0.0156220469418662
65,1,"TRBV7-6, TRBV7-7",0.0007143247151189
66,1,"TRBV7-6, TRBV7-7, TRBV7-9",0.0004273070614625
67,1,"TRBV7-7, TRBV7-6",0.0045457340631269
68,1,TRBV7-8,-0.000264657980456
69,1,"TRBV7-8, TRBV7-2",0.0215524983457474
70,1,TRBV7-9,-0.028068961723681
71,1,"TRBV7-9, TRBV7-6",0.0041788047642491
72,1,TRBV9,-0.0001170602605863
0,1,TRBV1,-0.0001444192283886
1,1,TRBV10-1,-0.0056668538464352
2,1,TRBV10-2,-0.0053974010663012
3,1,TRBV10-3,-0.019118113478267
4,1,"TRBV11-1, TRBV11-3",0.0011656788873497
5,1,TRBV11-2,0.000573238937285
6,1,"TRBV11-2, TRBV11-3",6.5095690665278e-05
7,1,"TRBV11-2, TRBV11-3, TRBV11-1",0.0007108947677326
8,1,"TRBV11-2, TRBV11-3, TRBV11-1, TRBV7-2",0.0001301913813305
9,1,"TRBV11-3, TRBV11-1",-0.0021803363095595
10,1,"TRBV12-3, TRBV12-4",-3.9661768861708e-05
11,1,TRBV15,0.0081113837092961
12,1,TRBV18,-0.0003816793893129
13,1,TRBV19,-0.0045283944125734
14,1,TRBV2,-0.000478077283613
15,1,TRBV20-1,-0.0399182320499239
16,1,TRBV21-1,0.0004305958395112
17,1,TRBV24-1,-0.0040627312411256
18,1,TRBV25-1,-0.0005342782195997
19,1,TRBV27,-0.0831167476909019
20,1,TRBV28,0.0167323302266934
21,1,TRBV29-1,0.0113825569925737
22,1,TRBV30,0.0001421079083218
23,1,TRBV4-1,0.0004108502362098
24,1,"TRBV4-1, TRBV4-3",-0.0005662908754803
25,1,TRBV4-2,-0.0001031565917062
26,1,"TRBV4-2, TRBV4-3",-0.0002915050029671
27,1,"TRBV4-3, TRBV4-1, TRBV4-2",8.892874464801599e-05
28,1,"TRBV4-3, TRBV4-2",0.0003254784533263
29,1,TRBV5-1,-0.0001145379292458
30,1,TRBV5-4,-7.220961419434699e-05
31,1,"TRBV5-4, TRBV5-8",-0.0019533918078059
32,1,"TRBV5-4, TRBV5-8, TRBV5-5",2.7390015747328504e-05
33,1,TRBV5-5,-4.1262636682484e-05
34,1,"TRBV5-5, TRBV5-3, TRBV5-6",-1.0315659170621e-05
35,1,"TRBV5-5, TRBV5-3, TRBV5-6, TRBV5-8",-0.0001289457396327
36,1,"TRBV5-5, TRBV5-3, TRBV5-8",-5.1578295853105e-06
37,1,"TRBV5-5, TRBV5-6",0.0002722992896524
38,1,"TRBV5-6, TRBV5-5, TRBV5-7",0.0004578058919293
39,1,"TRBV5-6, TRBV5-5, TRBV5-7, TRBV5-3",-1.54734887559315e-05
40,1,"TRBV5-6, TRBV5-7",-5.1578295853105e-05
41,1,"TRBV5-6, TRBV5-7, TRBV5-5",-0.0005415721064575
42,1,"TRBV5-7, TRBV5-6",-0.0001289457396327
43,1,"TRBV5-8, TRBV5-4",-0.0009851454507941
44,1,"TRBV6-1, TRBV6-2, TRBV6-3, TRBV6-5, TRBV6-6",-5.1578295853105e-06
45,1,"TRBV6-1, TRBV6-5, TRBV6-6",-0.0198081969643299
46,1,"TRBV6-1, TRBV6-5, TRBV6-6, TRBV6-2, TRBV6-3",3.2547845332639e-05
47,1,"TRBV6-1, TRBV6-5, TRBV6-6, TRBV6-3",-4.1262636682484e-05
48,1,"TRBV6-1, TRBV6-5, TRBV6-6, TRBV6-3, TRBV6-8",-0.0011759851454506
49,1,"TRBV6-1, TRBV6-5, TRBV6-6, TRBV6-3, TRBV6-9",3.2547845332639e-05
50,1,"TRBV6-1, TRBV6-5, TRBV6-6, TRBV6-8",-0.0212066463304515
51,1,"TRBV6-1, TRBV6-5, TRBV6-6, TRBV6-8, TRBV6-3",-0.0146791829997933
52,1,"TRBV6-1, TRBV6-5, TRBV6-6, TRBV6-8, TRBV6-9",-0.0228269528767631
53,1,"TRBV6-1, TRBV6-5, TRBV6-6, TRBV6-9",0.000358026298659
54,1,"TRBV6-1, TRBV6-5, TRBV6-6, TRBV6-9, TRBV6-8",-0.0001753662059005
55,1,"TRBV6-1, TRBV6-6, TRBV6-5, TRBV6-3, TRBV6-8",-0.0001650505467299
56,1,"TRBV6-2, TRBV6-3",-0.0002228476500025
57,1,"TRBV6-2, TRBV6-3, TRBV6-1, TRBV6-5, TRBV6-6",-0.0004074685372395
58,1,"TRBV6-2, TRBV6-3, TRBV6-5, TRBV6-6",-0.0001547348875593
59,1,TRBV6-4,0.0032189489996554
60,1,"TRBV6-4, TRBV6-1, TRBV6-5, TRBV6-6",3.2547845332639e-05
61,1,"TRBV6-5, TRBV6-1, TRBV6-6",-0.0037755312564472
62,1,"TRBV6-5, TRBV6-1, TRBV6-6, TRBV6-3, TRBV6-8",-0.0008240070919518
63,1,"TRBV6-5, TRBV6-1, TRBV6-6, TRBV6-8",-0.0004284362795646
64,1,"TRBV6-5, TRBV6-1, TRBV6-6, TRBV6-8, TRBV6-3",-0.0093408293789972
65,1,"TRBV6-5, TRBV6-6, TRBV6-1",-4.1262636682484e-05
66,1,"TRBV6-5, TRBV6-6, TRBV6-1, TRBV6-2, TRBV6-3",-5.1578295853105e-06
67,1,"TRBV6-5, TRBV6-6, TRBV6-1, TRBV6-3",-0.0064782339591499
68,1,"TRBV6-5, TRBV6-6, TRBV6-1, TRBV6-3, TRBV6-8",-0.0104831963002118
69,1,"TRBV6-5, TRBV6-6, TRBV6-1, TRBV6-8",-0.0006808335052608
70,1,"TRBV6-5, TRBV6-6, TRBV6-1, TRBV6-8, TRBV6-3",-0.0029193315452856
71,1,"TRBV6-5, TRBV6-6, TRBV6-1, TRBV6-8, TRBV6-9",-0.02415837396095
72,1,"TRBV6-5, TRBV6-6, TRBV6-2, TRBV6-3, TRBV6-8",-0.0003043119455332
73,1,"TRBV6-5, TRBV6-6, TRBV6-3, TRBV6-2, TRBV6-8",-0.0011244068495976
74,1,"TRBV6-5, TRBV6-6, TRBV6-3, TRBV6-8, TRBV6-2",-0.0001702083763152
75,1,"TRBV6-5, TRBV6-6, TRBV6-8",-8.2525273364968e-05
76,1,"TRBV6-5, TRBV6-6, TRBV6-8, TRBV6-2, TRBV6-3",-0.002310707654219
77,1,"TRBV6-6, TRBV6-1, TRBV6-3",0.0001301913813305
78,1,"TRBV6-6, TRBV6-1, TRBV6-5, TRBV6-8",0.0165343054289806
79,1,"TRBV6-6, TRBV6-5, TRBV6-1, TRBV6-3, TRBV6-8",0.0550709543028252
80,1,"TRBV6-6, TRBV6-5, TRBV6-8, TRBV6-2, TRBV6-3",-0.0004074685372395
81,1,TRBV7-1,3.2547845332639e-05
82,1,TRBV7-2,0.0003254784533263
83,1,"TRBV7-2, TRBV7-8",0.1079897466296302
84,1,"TRBV7-2, TRBV7-8, TRBV7-9",0.0009764353599791
85,1,TRBV7-3,0.0224213437367543
86,1,"TRBV7-3, TRBV7-4",0.0020423910604747
87,1,TRBV7-5,3.2547845332639e-05
88,1,TRBV7-6,0.0117743331304406
89,1,"TRBV7-6, TRBV28",-5.1578295853105e-06
90,1,"TRBV7-6, TRBV7-7",-0.0217108961913231
91,1,"TRBV7-6, TRBV7-7, TRBV7-9",-5.67361254384155e-05
92,1,"TRBV7-6, TRBV7-9",-1.5473488755931502e-05
93,1,"TRBV7-7, TRBV7-6",0.0096862992064398
94,1,TRBV7-8,-0.0019083969465648
95,1,"TRBV7-8, TRBV7-2",0.0076111084862731
96,1,TRBV7-9,0.0575599720406843
97,1,"TRBV7-9, TRBV6-1, TRBV6-5, TRBV6-6",-1.0315659170621e-05
98,1,"TRBV7-9, TRBV7-3, TRBV5-6, TRBV5-7",-5.1578295853105e-06
99,1,"TRBV7-9, TRBV7-6",0.0011229953461752
100,1,TRBV9,0.0006801277535497
0,1,TRBV1,8.51591154023475e-05
1,1,TRBV10-1,0.0018186902774852
2,1,TRBV10-2,0.0046074017953887
3,1,TRBV10-3,-0.010067326983177
4,1,"TRBV10-3, TRBV6-1, TRBV6-5, TRBV6-6",2.9365212207706e-06
5,1,TRBV11-1,0.000164445188363
6,1,"TRBV11-1, TRBV11-3",0.0030822588842579
7,1,TRBV11-2,0.0056784131443905
8,1,"TRBV11-2, TRBV11-3",0.001289132815918
9,1,"TRBV11-2, TRBV11-3, TRBV11-1",0.001526721533829
10,1,"TRBV11-2, TRBV11-3, TRBV5-8, TRBV11-1",2.9365212207706e-06
11,1,"TRBV11-2, TRBV11-3, TRBV7-2",0.0001556356247008
12,1,"TRBV11-2, TRBV11-3, TRBV7-2, TRBV11-1",5.8730424415412e-06
13,1,TRBV11-3,7.68605642189295e-05
14,1,"TRBV11-3, TRBV11-1",-0.0012194743841333
15,1,TRBV12-1,-0.0058702266337086
16,1,TRBV12-2,1.17460848830824e-05
17,1,"TRBV12-3, TRBV12-4",-0.0006797430773151
18,1,"TRBV12-3, TRBV12-4, TRBV6-3, TRBV6-5, TRBV6-6",2.9365212207706e-06
19,1,TRBV12-5,2.9365212207706e-06
20,1,TRBV13,3.523825464924721e-05
21,1,TRBV14,-0.0002356846153136
22,1,TRBV15,-0.0645489493128467
23,1,TRBV18,-0.0010417540840495
24,1,"TRBV18, TRBV10-3",-3.20602219208561e-06
25,1,TRBV19,0.0136369871013448
26,1,TRBV2,0.0010190432467998
27,1,"TRBV2, TRBV15",2.9365212207706e-06
28,1,"TRBV2, TRBV28",-3.20602219208561e-06
29,1,TRBV20-1,0.0556735187319323
30,1,TRBV21-1,-0.0018771215733338
31,1,"TRBV21-1, TRBV28",5.8730424415412e-06
32,1,TRBV23-1,6.753998807772381e-05
33,1,TRBV24-1,0.0131669926307022
34,1,"TRBV24-1, TRBV6-1, TRBV6-5",2.9365212207706e-06
35,1,TRBV25-1,-0.000669169358374
36,1,TRBV27,0.0629050423623159
37,1,"TRBV27, TRBV10-3",2.9365212207706e-06
38,1,"TRBV27, TRBV28",2.9365212207706e-06
39,1,TRBV28,0.0406494723802485
40,1,"TRBV28, TRBV6-1, TRBV6-5, TRBV6-6",-6.41204438417123e-06
41,1,"TRBV28, TRBV7-2, TRBV7-8",2.9365212207706e-06
42,1,TRBV29-1,0.0039416088531851
43,1,TRBV30,0.0017511606830732
44,1,TRBV4-1,0.0008075433357117
45,1,"TRBV4-1, TRBV4-2",2.9365212207706e-06
46,1,"TRBV4-1, TRBV4-3",0.0030494885320793
47,1,"TRBV4-1, TRBV4-3, TRBV1, TRBV4-2",2.9365212207706e-06
48,1,TRBV4-2,7.3413030519265e-05
49,1,"TRBV4-2, TRBV28, TRBV4-3",5.8730424415412e-06
50,1,"TRBV4-2, TRBV4-3",0.0002011293205249
51,1,TRBV4-3,8.222259418157681e-05
52,1,"TRBV4-3, TRBV4-1",0.0006724633595563
53,1,"TRBV4-3, TRBV4-1, TRBV4-2",-0.000251577970489
54,1,"TRBV4-3, TRBV4-2",0.0003491765243003
55,1,"TRBV4-3, TRBV4-2, TRBV4-1",-0.0008740365009012
56,1,TRBV5-1,-0.0015590576397876
57,1,TRBV5-3,0.0001203973700515
58,1,TRBV5-4,0.0003670651525963
59,1,"TRBV5-4, TRBV20-1",-3.20602219208561e-06
60,1,"TRBV5-4, TRBV28",2.9365212207706e-06
61,1,"TRBV5-4, TRBV5-8",-0.0118734179913991
62,1,"TRBV5-4, TRBV5-8, TRBV5-5",2.9365212207706e-06
63,1,TRBV5-5,0.0003788112374794
64,1,"TRBV5-5, TRBV5-3",5.8730424415412e-06
65,1,"TRBV5-5, TRBV5-3, TRBV5-6",8.80956366231181e-06
66,1,"TRBV5-5, TRBV5-3, TRBV5-6, TRBV5-8",0.0001879373581293
67,1,"TRBV5-5, TRBV5-3, TRBV5-8",8.222259418157681e-05
68,1,"TRBV5-5, TRBV5-6",-0.0012230098968233
69,1,"TRBV5-5, TRBV5-6, TRBV5-7",2.9365212207706e-06
70,1,"TRBV5-5, TRBV5-6, TRBV7-2",5.8730424415412e-06
71,1,TRBV5-6,4.69843395323296e-05
72,1,"TRBV5-6, TRBV20-1, TRBV5-7",2.9365212207706e-06
73,1,"TRBV5-6, TRBV5-5",6.16669456361826e-05
74,1,"TRBV5-6, TRBV5-5, TRBV5-7",0.000651907711011
75,1,"TRBV5-6, TRBV5-7",-0.0005547186054894
76,1,"TRBV5-6, TRBV5-7, TRBV5-5",-0.0010906529198446
77,1,TRBV5-8,0.0002701599523108
78,1,"TRBV5-8, TRBV4-2, TRBV5-5, TRBV5-4, TRBV7-2",2.9365212207706e-06
79,1,"TRBV5-8, TRBV5-4",-0.0005352793439589
80,1,"TRBV5-8, TRBV5-4, TRBV5-3",8.270561719681783e-06
81,1,"TRBV5-8, TRBV5-5, TRBV5-4, TRBV7-2, TRBV11-2",2.9365212207706e-06
82,1,"TRBV6-1, TRBV6-5",0.0002730964735316
83,1,"TRBV6-1, TRBV6-5, TRBV6-6",-0.0049070404711635
84,1,"TRBV6-1, TRBV6-5, TRBV6-6, TRBV6-2, TRBV6-3",8.8095636623118e-06
85,1,"TRBV6-1, TRBV6-5, TRBV6-6, TRBV6-3, TRBV6-8",-0.0001090327439944
86,1,"TRBV6-1, TRBV6-5, TRBV6-6, TRBV6-8",0.0013852750985515
87,1,"TRBV6-1, TRBV6-5, TRBV6-6, TRBV6-8, TRBV6-3",-0.0098069835656154
88,1,"TRBV6-1, TRBV6-5, TRBV6-6, TRBV6-8, TRBV6-9",-0.0001414416056127
89,1,"TRBV6-1, TRBV6-5, TRBV6-6, TRBV6-9, TRBV6-8",0.0019087387935007
90,1,"TRBV6-1, TRBV6-5, TRBV6-8",-0.0055496244145002
91,1,"TRBV6-1, TRBV6-6, TRBV6-5",0.0004903990438686
92,1,"TRBV6-1, TRBV6-6, TRBV6-5, TRBV6-9, TRBV6-8",0.0015827849379953
93,1,"TRBV6-2, TRBV6-3",0.0002060674979328
94,1,"TRBV6-2, TRBV6-3, TRBV6-1, TRBV6-5, TRBV6-6",-5.787633623980003e-05
95,1,"TRBV6-2, TRBV6-3, TRBV6-1, TRBV6-6, TRBV6-5",-0.00127599683245
96,1,"TRBV6-2, TRBV6-3, TRBV6-5, TRBV6-1, TRBV6-6",-0.0009650126798177
97,1,"TRBV6-2, TRBV6-3, TRBV6-5, TRBV6-6",-0.0003909491748542
98,1,"TRBV6-2, TRBV6-3, TRBV6-5, TRBV6-6, TRBV6-1",-0.001301914510958
99,1,"TRBV6-3, TRBV6-2, TRBV6-5, TRBV6-1, TRBV6-6",0.0004522242679986
100,1,"TRBV6-3, TRBV6-2, TRBV6-5, TRBV6-6",-0.003972261495994
101,1,TRBV6-4,0.0181800028777898
102,1,"TRBV6-4, TRBV28",-3.20602219208561e-06
103,1,"TRBV6-4, TRBV6-1",2.9365212207706e-06
104,1,"TRBV6-4, TRBV6-1, TRBV6-5, TRBV6-6",5.8730424415412e-06
105,1,"TRBV6-5, TRBV6-1, TRBV6-6",0.000716511177868
106,1,"TRBV6-5, TRBV6-1, TRBV6-6, TRBV6-3, TRBV6-8",-3.47552316340063e-06
107,1,"TRBV6-5, TRBV6-1, TRBV6-6, TRBV6-8",-0.0160717892489251
108,1,"TRBV6-5, TRBV6-1, TRBV6-6, TRBV6-8, TRBV6-3",-0.0235129667567558
109,1,"TRBV6-5, TRBV6-6, TRBV6-1, TRBV6-3, TRBV6-8",-0.0167748109739626
110,1,"TRBV6-5, TRBV6-6, TRBV6-1, TRBV6-8",-0.0032310298034905
111,1,"TRBV6-5, TRBV6-6, TRBV6-1, TRBV6-8, TRBV6-3",-0.0013528118114073
112,1,"TRBV6-5, TRBV6-6, TRBV6-1, TRBV6-8, TRBV6-9",-0.0151663746668973
113,1,"TRBV6-5, TRBV6-6, TRBV6-1, TRBV6-9, TRBV6-8",1.414360416122298e-05
114,1,"TRBV6-5, TRBV6-6, TRBV6-2, TRBV6-3, TRBV6-8",-0.0044302220506489
115,1,"TRBV6-5, TRBV6-6, TRBV6-3, TRBV6-8",2.34921697661648e-05
116,1,"TRBV6-5, TRBV6-6, TRBV6-3, TRBV6-8, TRBV6-2",0.0005961138078164
117,1,"TRBV6-5, TRBV6-6, TRBV6-8, TRBV6-3, TRBV6-2",0.0003993668860248
118,1,"TRBV6-5, TRBV6-6, TRBV6-9, TRBV6-1, TRBV6-8",2.9365212207706e-06
119,1,"TRBV6-6, TRBV6-5, TRBV6-3, TRBV6-8, TRBV6-2",0.0010542111182566
120,1,TRBV6-9,0.0001761912732462
121,1,"TRBV6-9, TRBV6-1, TRBV6-5, TRBV6-6",3.81747758700178e-05
122,1,TRBV7-1,0.0018940561873967
123,1,"TRBV7-1, TRBV7-4",0.0001967469217916
124,1,TRBV7-2,0.0096373931455975
125,1,"TRBV7-2, TRBV27, TRBV7-8, TRBV7-9",2.9365212207706e-06
126,1,"TRBV7-2, TRBV7-3, TRBV7-8, TRBV7-9",2.9365212207706e-06
127,1,"TRBV7-2, TRBV7-3, TRBV7-9",0.00011452432761
128,1,"TRBV7-2, TRBV7-8",-0.0533011623205876
129,1,"TRBV7-2, TRBV7-8, TRBV28",-2.695009713150098e-07
130,1,"TRBV7-2, TRBV7-8, TRBV7-9",0.0012034603155693
131,1,"TRBV7-2, TRBV7-9",-0.0008207024789789
132,1,"TRBV7-2, TRBV7-9, TRBV7-3, TRBV7-8",2.9365212207706e-06
133,1,"TRBV7-2, TRBV7-9, TRBV7-8",0.0012979423795802
134,1,TRBV7-3,-0.0071135977215032
135,1,"TRBV7-3, TRBV7-4",-0.0117176680363761
136,1,"TRBV7-3, TRBV7-4, TRBV7-9",2.9365212207706e-06
137,1,"TRBV7-3, TRBV7-8",2.9365212207706e-06
138,1,"TRBV7-3, TRBV7-9",0.0002760329947523
139,1,TRBV7-4,0.0014095301859697
140,1,TRBV7-5,0.000179127794467
141,1,TRBV7-6,0.0147883208677994
142,1,"TRBV7-6, TRBV20-1",2.9365212207706e-06
143,1,"TRBV7-6, TRBV7-7",0.0077601475826107
144,1,"TRBV7-6, TRBV7-7, TRBV7-9",0.0001465565600672
145,1,"TRBV7-6, TRBV7-9",1.17460848830824e-05
146,1,TRBV7-7,1.4682606103853e-05
147,1,"TRBV7-7, TRBV7-6",-0.0063508844404147
148,1,TRBV7-8,0.0007864486852238
149,1,"TRBV7-8, TRBV28, TRBV7-2",2.9365212207706e-06
150,1,"TRBV7-8, TRBV7-2",-0.0022548873718662
151,1,"TRBV7-8, TRBV7-2, TRBV2",2.9365212207706e-06
152,1,"TRBV7-8, TRBV7-2, TRBV27",5.8730424415412e-06
153,1,"TRBV7-8, TRBV7-2, TRBV7-3",7.63495517400357e-05
154,1,"TRBV7-8, TRBV7-3",0.0001292069337139
155,1,"TRBV7-8, TRBV7-9, TRBV7-2",5.8730424415412e-06
156,1,TRBV7-9,0.0085584596486184
157,1,"TRBV7-9, TRBV15",2.9365212207706e-06
158,1,"TRBV7-9, TRBV20-1",2.9365212207706e-06
159,1,"TRBV7-9, TRBV28",2.6670202494555903e-06
160,1,"TRBV7-9, TRBV5-6",2.34921697661648e-05
161,1,"TRBV7-9, TRBV7-2, TRBV7-8",1.17460848830824e-05
162,1,"TRBV7-9, TRBV7-3",5.8730424415412e-06
163,1,"TRBV7-9, TRBV7-4",2.9365212207706e-06
164,1,"TRBV7-9, TRBV7-6",0.0003072567242955
165,1,"TRBV7-9, TRBV7-8, TRBV7-2, TRBV7-6",5.8730424415412e-06
166,1,TRBV9,-0.0004698393847237
0,1,TRBV1,-0.000682728191572
1,1,TRBV10-1,0.0395038152363211
2,1,TRBV10-2,0.0072475239078223
3,1,"TRBV10-2, TRBV28",-2.42963769242731e-06
4,1,TRBV10-3,-0.0183656313170573
5,1,"TRBV10-3, TRBV6-1, TRBV6-5, TRBV6-6",-0.0003863123930959
6,1,"TRBV11-1, TRBV11-3",-0.000449482973099
7,1,TRBV11-2,-0.0001844033833039
8,1,"TRBV11-3, TRBV11-1",-0.0007386098584977
9,1,TRBV12-2,-7.53187684652464e-05
10,1,"TRBV12-3, TRBV12-4",0.0008211803833726
11,1,TRBV12-5,-4.85927538485461e-06
12,1,TRBV13,3.76899719883408e-06
13,1,TRBV14,-8.50373192349556e-05
14,1,TRBV15,-0.0460628477196718
15,1,TRBV16,-7.28891307728192e-06
16,1,TRBV18,0.0025569248832233
17,1,TRBV19,-0.0029921754555288
18,1,TRBV2,-0.0019848304681788
19,1,TRBV20-1,-0.103856038527876
20,1,TRBV21-1,-0.0007304317108675
21,1,"TRBV21-1, TRBV28",-4.85927538485462e-06
22,1,TRBV23-1,-0.0002016599284714
23,1,TRBV24-1,0.0873238975774574
24,1,TRBV25-1,-0.0018991070804938
25,1,TRBV27,0.0363315295643077
26,1,TRBV28,0.0645002501360032
27,1,TRBV29-1,0.0135002728779229
28,1,TRBV30,0.0007977579807071
29,1,TRBV4-1,0.0001303264611324
30,1,"TRBV4-1, TRBV4-3",0.0018421831730697
31,1,TRBV4-2,0.0004315075820888
32,1,"TRBV4-2, TRBV4-3",-0.0018659617477839
33,1,"TRBV4-3, TRBV4-1",-4.37334784636915e-05
34,1,"TRBV4-3, TRBV4-1, TRBV4-2",-7.397940895883966e-05
35,1,"TRBV4-3, TRBV4-2",0.0003916982292398
36,1,"TRBV4-3, TRBV4-2, TRBV4-1",0.0005639534240819
37,1,TRBV5-1,-0.0006296519739567
38,1,TRBV5-3,-3.88742030788369e-05
39,1,TRBV5-4,-0.0001336300730834
40,1,"TRBV5-4, TRBV5-8",-0.0050499713559539
41,1,TRBV5-5,-0.0002939861607836
42,1,"TRBV5-5, TRBV5-3, TRBV5-6, TRBV5-8",-2.186673923184576e-05
43,1,"TRBV5-5, TRBV5-3, TRBV5-8",-5.102239154097342e-05
44,1,"TRBV5-5, TRBV5-6",-0.001212389208521
45,1,"TRBV5-6, TRBV5-5, TRBV5-7",-2.4672188542100007e-05
46,1,"TRBV5-6, TRBV5-7",-0.0002551119577048
47,1,"TRBV5-6, TRBV5-7, TRBV5-5",-0.0012602674958013
48,1,TRBV5-8,-5.10223915409735e-05
49,1,"TRBV5-8, TRBV5-4",0.0032735456514667
50,1,TRBV6-1,0.0083537978377798
51,1,"TRBV6-1, TRBV6-5",-0.005381990522951
52,1,"TRBV6-1, TRBV6-5, TRBV6-6",-0.0106769182987112
53,1,"TRBV6-1, TRBV6-5, TRBV6-6, TRBV6-2, TRBV6-3",6.198634891261381e-06
54,1,"TRBV6-1, TRBV6-5, TRBV6-6, TRBV6-3",-0.0011589371792877
55,1,"TRBV6-1, TRBV6-5, TRBV6-6, TRBV6-3, TRBV6-8",-0.0003061343492457
56,1,"TRBV6-1, TRBV6-5, TRBV6-6, TRBV6-8",-0.0153893251438338
57,1,"TRBV6-1, TRBV6-5, TRBV6-6, TRBV6-8, TRBV6-3",-0.0224328448141809
58,1,"TRBV6-1, TRBV6-5, TRBV6-6, TRBV6-8, TRBV6-9",0.000774816223584
59,1,"TRBV6-1, TRBV6-5, TRBV6-6, TRBV6-9, TRBV6-8",-0.0003109936246306
60,1,"TRBV6-1, TRBV6-5, TRBV6-8",-0.000801780438501
61,1,"TRBV6-2, TRBV6-3",0.0019346645337981
62,1,"TRBV6-2, TRBV6-3, TRBV6-1, TRBV6-5, TRBV6-6",-0.0023640374747315
63,1,"TRBV6-2, TRBV6-3, TRBV6-5, TRBV6-4, TRBV6-6",-0.0002842676100139
64,1,"TRBV6-2, TRBV6-3, TRBV6-5, TRBV6-6",-0.0027382016793652
65,1,"TRBV6-2, TRBV6-3, TRBV6-5, TRBV6-6, TRBV6-1",-0.0001433486238532
66,1,"TRBV6-2, TRBV6-3, TRBV6-6, TRBV6-5",-0.0005733944954128
67,1,"TRBV6-3, TRBV6-2",-0.0024709415331984
68,1,"TRBV6-3, TRBV6-2, TRBV6-5, TRBV6-1, TRBV6-6",-0.0058748639402892
69,1,"TRBV6-3, TRBV6-2, TRBV6-5, TRBV6-6",-0.004988046182553
70,1,TRBV6-4,0.011599787158784
71,1,"TRBV6-4, TRBV6-1, TRBV6-5, TRBV6-6",-2.42963769242731e-06
72,1,"TRBV6-4, TRBV6-5, TRBV6-6",-2.42963769242731e-06
73,1,"TRBV6-5, TRBV6-1",-0.0018853988493235
74,1,"TRBV6-5, TRBV6-1, TRBV6-6",-0.0098230251904835
75,1,"TRBV6-5, TRBV6-1, TRBV6-6, TRBV6-3, TRBV6-8",-5.345202923340073e-05
76,1,"TRBV6-5, TRBV6-1, TRBV6-6, TRBV6-8",-0.0178311110247239
77,1,"TRBV6-5, TRBV6-1, TRBV6-6, TRBV6-8, TRBV6-3",-0.010515471932825
78,1,"TRBV6-5, TRBV6-1, TRBV6-8, TRBV6-6",-0.0039068574094231
79,1,"TRBV6-5, TRBV6-6, TRBV6-1, TRBV6-3",-0.004742652775618
80,1,"TRBV6-5, TRBV6-6, TRBV6-1, TRBV6-3, TRBV6-8",-0.0058359897372102
81,1,"TRBV6-5, TRBV6-6, TRBV6-1, TRBV6-8",-0.0012221077592908
82,1,"TRBV6-5, TRBV6-6, TRBV6-1, TRBV6-8, TRBV6-3",-0.0042640141502097
83,1,"TRBV6-5, TRBV6-6, TRBV6-1, TRBV6-8, TRBV6-9",0.0119977779758198
84,1,"TRBV6-5, TRBV6-6, TRBV6-1, TRBV6-9, TRBV6-8",0.0217493778685302
85,1,"TRBV6-5, TRBV6-6, TRBV6-2, TRBV6-3, TRBV6-8",0.0139467428563336
86,1,"TRBV6-5, TRBV6-6, TRBV6-3",-1.21481884621365e-05
87,1,"TRBV6-5, TRBV6-6, TRBV6-3, TRBV6-8, TRBV6-2",-0.0030394767532265
88,1,"TRBV6-5, TRBV6-6, TRBV6-8, TRBV6-2, TRBV6-3",-0.003418500233245
89,1,"TRBV6-6, TRBV6-1, TRBV6-5, TRBV6-8",-0.0012221077592909
90,1,"TRBV6-6, TRBV6-5, TRBV6-1, TRBV6-3, TRBV6-8",-0.0022255481262634
91,1,"TRBV6-6, TRBV6-5, TRBV6-1, TRBV6-8",-0.001200241020059
92,1,"TRBV6-6, TRBV6-5, TRBV6-1, TRBV6-8, TRBV6-9",-0.001552538485461
93,1,"TRBV6-6, TRBV6-5, TRBV6-3, TRBV6-2, TRBV6-8",-0.0004737793500233
94,1,"TRBV6-9, TRBV6-1, TRBV6-5, TRBV6-6",-0.0003936013061732
95,1,"TRBV6-9, TRBV6-2, TRBV6-3",-7.28891307728192e-06
96,1,TRBV7-2,-0.0034476558855542
97,1,"TRBV7-2, TRBV7-8",0.0607030256642163
98,1,"TRBV7-2, TRBV7-8, TRBV28",-2.42963769242731e-06
99,1,"TRBV7-2, TRBV7-8, TRBV7-9",0.0019019605674919
100,1,TRBV7-3,0.0193135459204862
101,1,TRBV7-4,-0.0020311771108692
102,1,TRBV7-6,-0.0158746409272052
103,1,"TRBV7-6, TRBV7-7",-0.0101315891774217
104,1,"TRBV7-6, TRBV7-9",-2.42963769242731e-05
105,1,TRBV7-7,-0.0013800342092987
106,1,"TRBV7-7, TRBV7-6",0.0259058171521182
107,1,"TRBV7-8, TRBV7-2",-0.0097303868475355
108,1,TRBV7-9,-0.0576497050835023
109,1,"TRBV7-9, TRBV28",1.1057910276116e-05
110,1,"TRBV7-9, TRBV7-6",-6.560021769553721e-05
111,1,TRBV9,0.0021651982558652
0,1,TRBV1,0.0001728035435305
1,1,TRBV10-1,-0.0050914353140889
2,1,TRBV10-2,0.0032699686261345
3,1,TRBV10-3,0.00516884065384
4,1,"TRBV10-3, TRBV6-1, TRBV6-5, TRBV6-6",-7.00044802867384e-06
5,1,"TRBV11-1, TRBV11-3",0.0005544152694997
6,1,TRBV11-2,1.763301464598196e-05
7,1,TRBV11-3,0.0003985061309991
8,1,"TRBV11-3, TRBV11-1",0.0007369099103748
9,1,TRBV12-1,5.275782971894968e-08
10,1,"TRBV12-3, TRBV12-4",8.47439859601514e-05
11,1,TRBV12-5,3.52660292919639e-06
12,1,TRBV13,-2.094858625630259e-05
13,1,TRBV14,-2.431691569634204e-05
14,1,"TRBV14, TRBV28",7.05320585839279e-06
15,1,TRBV15,-0.0366457368964651
16,1,TRBV16,3.52660292919639e-06
17,1,TRBV18,0.0006263190316565
18,1,TRBV19,0.0046502784895283
19,1,TRBV2,0.0010623516069636
20,1,TRBV20-1,-0.0860019745611033
21,1,TRBV21-1,0.0011224621302489
22,1,"TRBV21-1, TRBV28",3.52660292919639e-06
23,1,TRBV23-1,1.063256661730816e-05
24,1,TRBV24-1,-0.0043850462402435
25,1,TRBV25-1,0.0014705934214746
26,1,TRBV27,0.0236101941518834
27,1,TRBV28,0.0706358679213392
28,1,TRBV29-1,0.0045748525682463
29,1,TRBV30,4.937244100874944e-05
30,1,TRBV4-1,0.0001163778966634
31,1,"TRBV4-1, TRBV4-3",0.0010301901179629
32,1,TRBV4-2,0.0001448017514159
33,1,"TRBV4-2, TRBV4-3",0.0009539237992636
34,1,TRBV4-3,9.16916761591062e-05
35,1,"TRBV4-3, TRBV4-1",3.948665566947899e-06
36,1,"TRBV4-3, TRBV4-1, TRBV4-2",-0.000548189845593
37,1,"TRBV4-3, TRBV4-2",2.46862205043747e-05
38,1,"TRBV4-3, TRBV4-2, TRBV4-1",8.688698579699996e-06
39,1,TRBV5-1,0.0006493697594394
40,1,"TRBV5-1, TRBV6-1, TRBV6-5, TRBV6-6",3.52660292919639e-06
41,1,TRBV5-3,2.821282343357109e-05
42,1,TRBV5-4,3.173942636276749e-05
43,1,"TRBV5-4, TRBV5-8",0.0019130869669934
44,1,"TRBV5-4, TRBV5-8, TRBV4-2, TRBV5-5",-7.00044802867384e-06
45,1,TRBV5-5,3.6848764183533e-06
46,1,"TRBV5-5, TRBV5-3, TRBV5-6, TRBV5-8",0.0001169582327903
47,1,"TRBV5-5, TRBV5-3, TRBV5-8",2.11596175751784e-05
48,1,"TRBV5-5, TRBV5-6",-0.0001130013955616
49,1,"TRBV5-5, TRBV5-6, TRBV5-8",0.0001833833523181
50,1,"TRBV5-5, TRBV5-8",1.41064117167856e-05
51,1,"TRBV5-5, TRBV5-8, TRBV5-3",2.11596175751784e-05
52,1,TRBV5-6,4.58458380795531e-05
53,1,"TRBV5-6, TRBV5-5, TRBV5-7",4.906406569240001e-05
54,1,"TRBV5-6, TRBV5-7, TRBV5-5",0.0002234421724525
55,1,"TRBV5-8, TRBV5-4",0.0001906475894954
56,1,TRBV6-1,0.0027013778437641
57,1,"TRBV6-1, TRBV6-5",0.0012737895092259
58,1,"TRBV6-1, TRBV6-5, TRBV6-3, TRBV6-8",-2.80017921146953e-05
59,1,"TRBV6-1, TRBV6-5, TRBV6-6",0.0089605422219463
60,1,"TRBV6-1, TRBV6-5, TRBV6-6, TRBV6-2, TRBV6-3",3.52660292919639e-06
61,1,"TRBV6-1, TRBV6-5, TRBV6-6, TRBV6-3",0.0001269577054509
62,1,"TRBV6-1, TRBV6-5, TRBV6-6, TRBV6-3, TRBV6-8",0.0019052624648708
63,1,"TRBV6-1, TRBV6-5, TRBV6-6, TRBV6-3, TRBV6-9",3.52660292919639e-06
64,1,"TRBV6-1, TRBV6-5, TRBV6-6, TRBV6-8",0.0067922795318335
65,1,"TRBV6-1, TRBV6-5, TRBV6-6, TRBV6-8, TRBV6-3",0.0111219648853576
66,1,"TRBV6-1, TRBV6-5, TRBV6-6, TRBV6-8, TRBV6-9",-0.0006990543036227
67,1,"TRBV6-1, TRBV6-5, TRBV6-6, TRBV6-9",0.0002047012433822
68,1,"TRBV6-1, TRBV6-5, TRBV6-6, TRBV6-9, TRBV6-8",-0.0001260080645161
69,1,"TRBV6-1, TRBV6-5, TRBV6-8",0.0003350272782736
70,1,"TRBV6-2, TRBV6-3",0.0005039430857289
71,1,"TRBV6-2, TRBV6-3, TRBV6-1, TRBV6-5",0.0007159003946267
72,1,"TRBV6-2, TRBV6-3, TRBV6-1, TRBV6-5, TRBV6-6",0.0008616072008098
73,1,"TRBV6-2, TRBV6-3, TRBV6-5",0.0001375375142386
74,1,"TRBV6-2, TRBV6-3, TRBV6-5, TRBV6-1, TRBV6-6",-0.0011270721326164
75,1,"TRBV6-2, TRBV6-3, TRBV6-5, TRBV6-6",0.0015474482479631
76,1,"TRBV6-2, TRBV6-3, TRBV6-5, TRBV6-6, TRBV6-1",4.589859590927205e-05
77,1,"TRBV6-3, TRBV6-2, TRBV6-1, TRBV6-5, TRBV6-6",0.0003667667046362
78,1,"TRBV6-3, TRBV6-2, TRBV6-5, TRBV6-1, TRBV6-6",0.0007088471887684
79,1,"TRBV6-3, TRBV6-2, TRBV6-5, TRBV6-6",0.0009437742247759
80,1,TRBV6-4,0.0101530251758064
81,1,"TRBV6-4, TRBV6-1",3.52660292919639e-06
82,1,"TRBV6-4, TRBV6-1, TRBV6-5, TRBV6-6",3.52660292919639e-06
83,1,"TRBV6-5, TRBV6-1, TRBV6-6",0.00070179398291
84,1,"TRBV6-5, TRBV6-1, TRBV6-6, TRBV6-3, TRBV6-8",-1.3789864738471902e-05
85,1,"TRBV6-5, TRBV6-1, TRBV6-6, TRBV6-8",0.002196916067346
86,1,"TRBV6-5, TRBV6-1, TRBV6-6, TRBV6-8, TRBV6-3",0.0093737105858037
87,1,"TRBV6-5, TRBV6-6",-7.00044802867384e-06
88,1,"TRBV6-5, TRBV6-6, TRBV6-1, TRBV6-3",2.13178910643352e-05
89,1,"TRBV6-5, TRBV6-6, TRBV6-1, TRBV6-3, TRBV6-8",0.0058509589781769
90,1,"TRBV6-5, TRBV6-6, TRBV6-1, TRBV6-8",0.0032852721246109
91,1,"TRBV6-5, TRBV6-6, TRBV6-1, TRBV6-8, TRBV6-3",0.0016107242410314
92,1,"TRBV6-5, TRBV6-6, TRBV6-1, TRBV6-8, TRBV6-9",0.0020637002513404
93,1,"TRBV6-5, TRBV6-6, TRBV6-1, TRBV6-9",0.0037240926932313
94,1,"TRBV6-5, TRBV6-6, TRBV6-2, TRBV6-3, TRBV6-8",0.0051347420365718
95,1,"TRBV6-5, TRBV6-6, TRBV6-3, TRBV6-1, TRBV6-8",0.0003103410577692
96,1,"TRBV6-5, TRBV6-6, TRBV6-3, TRBV6-2, TRBV6-8",0.0022252864483229
97,1,"TRBV6-5, TRBV6-6, TRBV6-3, TRBV6-8, TRBV6-2",0.0026273191822513
98,1,"TRBV6-5, TRBV6-6, TRBV6-8",0.0002115961757516
99,1,"TRBV6-5, TRBV6-6, TRBV6-8, TRBV6-2, TRBV6-3",0.0004478785720078
100,1,"TRBV6-5, TRBV6-6, TRBV6-8, TRBV6-3, TRBV6-2",0.0017386152440938
101,1,"TRBV6-5, TRBV6-6, TRBV6-9, TRBV6-1, TRBV6-8",2.11596175751784e-05
102,1,"TRBV6-6, TRBV6-5, TRBV6-1, TRBV6-8",0.0003315006753444
103,1,"TRBV6-6, TRBV6-5, TRBV6-1, TRBV6-8, TRBV6-3",-0.0003920250896057
104,1,"TRBV6-6, TRBV6-5, TRBV6-1, TRBV6-8, TRBV6-9",-0.0147359431003584
105,1,"TRBV6-6, TRBV6-5, TRBV6-1, TRBV6-9",-0.0003290210573476
106,1,"TRBV6-6, TRBV6-5, TRBV6-8, TRBV6-3, TRBV6-1",0.0001128512937342
107,1,TRBV6-7,1.41064117167856e-05
108,1,"TRBV6-8, TRBV6-1, TRBV6-5",0.0037064596785853
109,1,"TRBV6-8, TRBV6-5",-0.0009310595878136
110,1,TRBV7-2,-9.893957001242897e-06
111,1,"TRBV7-2, TRBV28, TRBV7-8",3.52660292919639e-06
112,1,"TRBV7-2, TRBV7-6, TRBV7-8, TRBV7-7, TRBV28",7.05320585839279e-06
113,1,"TRBV7-2, TRBV7-6, TRBV7-9, TRBV7-8",1.05798087875892e-05
114,1,"TRBV7-2, TRBV7-8",-0.0048244438615152
115,1,"TRBV7-2, TRBV7-8, TRBV28",3.52660292919639e-06
116,1,"TRBV7-2, TRBV7-8, TRBV7-9",0.000144590720097
117,1,"TRBV7-2, TRBV7-9",-7.00044802867384e-06
118,1,"TRBV7-2, TRBV7-9, TRBV7-8",7.05320585839279e-06
119,1,TRBV7-3,0.0038369967447952
120,1,TRBV7-5,5.995224979633869e-05
121,1,TRBV7-6,-0.000775846052781
122,1,"TRBV7-6, TRBV28",7.05320585839278e-06
123,1,"TRBV7-6, TRBV7-7",0.00271340662894
124,1,"TRBV7-6, TRBV7-7, TRBV7-9",-1.736922549738721e-05
125,1,"TRBV7-6, TRBV7-9",-8.700440097606852e-05
126,1,"TRBV7-7, TRBV28, TRBV7-6",3.52660292919639e-06
127,1,"TRBV7-7, TRBV7-6",-0.0216369358802426
128,1,"TRBV7-8, TRBV7-2",-0.0492534404282864
129,1,"TRBV7-8, TRBV7-2, TRBV28",3.52660292919639e-06
130,1,TRBV7-9,0.0001048191918954
131,1,"TRBV7-9, TRBV20-1",3.52660292919639e-06
132,1,"TRBV7-9, TRBV28",7.05320585839278e-06
133,1,"TRBV7-9, TRBV7-3",3.52660292919639e-06
134,1,"TRBV7-9, TRBV7-6",0.0012918445865097
135,1,TRBV9,0.0003987699201477
