Feature,Importance
TRBJ1-3,0.17495878591365194
TRBJ1-4,0.14999741674495212
TRBJ2-3,0.13757725577766758
TRBJ2-2,0.1351008695780545
"TRBD2, TRBD1",0.13362919123275183
TRBJ1-1,0.12807572586980953
TRBJ2-4,0.12586709495653106
TRBJ2-6,0.12527892604300442
TRBJ1-6,0.12378524609297066
TRBJ1-2,0.12102108443780916
TRBJ1-5,0.10673868169365054
TRBJ2-1,0.10518750290149534
TRBJ2-7,0.10435060528036133
TRBJ2-5,0.10385498060799676
TRBV10-3,0.10085961544570606
TRBV2,0.09723548030171332
TRBV5-1,0.09693813567158187
TRBV9,0.09666612565138077
TRBV24-1,0.09621460426120289
"TRBV6-5, TRBV6-1, TRBV6-6, TRBV6-8",0.096133073374629
TRBV20-1,0.09563565630570921
"TRBV5-6, TRBV5-5, TRBV5-7",0.09473608072118127
"TRBV5-4, TRBV5-8",0.0946186083012716
TRBV7-3,0.09444158403716782
"TRBV7-7, TRBV7-6",0.09359681539259981
"TRBV4-1, TRBV4-3",0.09327381503322323
"TRBV11-3, TRBV11-1",0.09227839183072749
"TRBV6-1, TRBV6-5, TRBV6-6, TRBV6-3, TRBV6-8",0.0907283265119467
TRBV19,0.09050683307051383
TRBV29-1,0.09033551964836181
TRBV25-1,0.09009762139975663
"TRBV4-2, TRBV4-3",0.089244530928
"TRBV6-1, TRBV6-5, TRBV6-6, TRBV6-8, TRBV6-9",0.08903845486706695
"TRBJ2-5, TRBJ2-7",0.08856367469929438
TRBD2,0.08783174358212373
TRBV7-9,0.08768896070397497
TRBV15,0.08768294773411393
"TRBV6-2, TRBV6-3, TRBV6-5, TRBV6-6",0.08745510622129998
"TRBV6-5, TRBV6-6, TRBV6-1, TRBV6-8, TRBV6-3",0.08702878864983028
"TRBV7-2, TRBV7-8",0.08690398168100795
"TRBV7-8, TRBV7-2",0.08605149946817205
"TRBV6-2, TRBV6-3",0.08550242210610107
TRBV7-6,0.08542929209687683
TRBV6-4,0.08430123387768475
TRBV28,0.08407815527524458
TRBV11-2,0.0832867628965459
TRBV27,0.0831982627020876
"TRBD1, TRBD2",0.08301379454728912
"TRBV4-3, TRBV4-1, TRBV4-2",0.08296588864491784
"TRBV7-6, TRBV7-7, TRBV7-9",0.08266850822545377
"TRBV11-1, TRBV11-3",0.08263891352682999
"TRBV12-3, TRBV12-4",0.08259601383918802
"TRBV6-5, TRBV6-6, TRBV6-1, TRBV6-3, TRBV6-8",0.08255387466509144
"TRBV5-6, TRBV5-7, TRBV5-5",0.08185329626881963
"TRBV6-2, TRBV6-3, TRBV6-1, TRBV6-5, TRBV6-6",0.08082216521200393
"TRBV5-5, TRBV5-3, TRBV5-6, TRBV5-8",0.08032050441536276
"TRBV6-1, TRBV6-5, TRBV6-6, TRBV6-8",0.08018568971258556
"TRBV7-9, TRBV7-6",0.07959905585765449
"TRBV6-1, TRBV6-5, TRBV6-6",0.07833650379706021
"TRBV6-1, TRBV6-5, TRBV6-6, TRBV6-2, TRBV6-3",0.07799190135910333
TRBV21-1,0.07796933086821009
"TRBV6-5, TRBV6-6, TRBV6-1, TRBV6-8, TRBV6-9",0.07795191150647582
"TRBV5-5, TRBV5-6",0.07792935450812646
TRBV18,0.07792798840075656
TRBV4-1,0.07752521247051625
TRBD1,0.07688521330758075
"TRBV4-3, TRBV4-2, TRBV4-1",0.07666251353217803
TRBV10-2,0.07635529472161856
TRBV5-4,0.07550067604234208
"TRBV7-6, TRBV7-7",0.07510604151665906
"TRBV6-5, TRBV6-1, TRBV6-6, TRBV6-3, TRBV6-8",0.07487820301838158
TRBV10-1,0.0743053408535598
TRBV30,0.07399991637963305
"TRBV5-8, TRBV5-4",0.07327530957932252
"TRBV6-5, TRBV6-6, TRBV6-2, TRBV6-3, TRBV6-8",0.0729982455480073
"TRBV3-1, TRBV3-2",0.07251352032503229
"TRBV6-5, TRBV6-6, TRBV6-1, TRBV6-8",0.0724731373172534
"TRBV6-5, TRBV6-1, TRBV6-6, TRBV6-8, TRBV6-3",0.07202485010232622
"TRBV6-1, TRBV6-5",0.07157061053396611
TRBV23-1,0.07124356985413506
"TRBV6-1, TRBV6-5, TRBV6-6, TRBV6-8, TRBV6-3",0.07047832334213204
TRBV12-5,0.07028066047314752
TRBV5-5,0.0698790474160382
"TRBV5-6, TRBV5-7",0.06954636503228616
"TRBV4-3, TRBV4-2",0.06859508678789733
TRBV14,0.0685640862750207
"TRBV7-3, TRBV7-4",0.06836685317904682
TRBV7-2,0.067617365712864
TRBV13,0.06600699437672879
"TRBV7-6, TRBV7-9",0.06474644000311221
"TRBV6-2, TRBV6-3, TRBV6-5, TRBV6-6, TRBV6-1",0.06467017265745637
"TRBV6-3, TRBV6-2, TRBV6-5, TRBV6-6",0.0642320007251336
TRBV6-1,0.06312014446532807
"TRBV6-5, TRBV6-6, TRBV6-8, TRBV6-2, TRBV6-3",0.062012040319427024
TRBV11-3,0.06164637663253535
TRBV12-2,0.0601399127527086
"TRBV6-5, TRBV6-6, TRBV6-1",0.05923112345539872
"TRBV6-3, TRBV6-2, TRBV6-1, TRBV6-5, TRBV6-6",0.058647594823598326
"TRBV6-3, TRBV6-2, TRBV6-5, TRBV6-1, TRBV6-6",0.05787838701812295
"TRBV6-5, TRBV6-6, TRBV6-1, TRBV6-9, TRBV6-8",0.0570737623458182
"TRBV6-2, TRBV6-3, TRBV6-5, TRBV6-1, TRBV6-6",0.05642299264522095
"TRBV6-3, TRBV6-2",0.05605558472864559
TRBV4-2,0.055478844613800274
"TRBV6-6, TRBV6-5, TRBV6-1, TRBV6-8, TRBV6-9",0.05493109666109726
"TRBV6-3, TRBV6-2, TRBV6-5, TRBV6-6, TRBV6-1",0.05454432569188866
"TRBV6-1, TRBV6-5, TRBV6-6, TRBV6-9, TRBV6-8",0.053602861356568256
"TRBV12-4, TRBV12-3",0.053527681825714546
"TRBV6-5, TRBV6-6, TRBV6-1, TRBV6-3",0.05277099650515378
TRBV7-8,0.05190799183151201
"TRBV6-5, TRBV6-6, TRBV6-3, TRBV6-2, TRBV6-8",0.051802435221054155
"TRBV6-5, TRBV6-1, TRBV6-6",0.04936754206208321
"TRBV6-1, TRBV6-5, TRBV6-6, TRBV6-3",0.04831687749579053
"TRBV6-6, TRBV6-5, TRBV6-1, TRBV6-8",0.04730585217623617
TRBV7-4,0.04729499442156019
"TRBV6-6, TRBV6-5, TRBV6-1, TRBV6-3, TRBV6-8",0.0472471997896972
TRBV1,0.046901029404192544
"TRBV7-2, TRBV7-8, TRBV7-9",0.04664576156637311
"TRBV6-1, TRBV6-5, TRBV6-8",0.04622586738556658
"TRBV6-4, TRBV6-1, TRBV6-5, TRBV6-6",0.04409841660386885
TRBV5-8,0.04390629146243284
TRBV6-7,0.04321489724707949
"TRBV6-1, TRBV6-5, TRBV6-6, TRBV6-9",0.042991496797064974
"TRBV6-4, TRBV6-1",0.04056737401964679
"TRBV6-5, TRBV6-6, TRBV6-3, TRBV6-8, TRBV6-2",0.04026632102032929
"TRBV10-3, TRBV6-1, TRBV6-5, TRBV6-6",0.04004370539751031
TRBV5-3,0.040033847417525865
TRBV16,0.038786047070865234
"TRBV6-6, TRBV6-5, TRBV6-1, TRBV6-9, TRBV6-8",0.038347797261807946
"TRBV6-5, TRBV6-6",0.03745898540377424
"TRBV11-2, TRBV11-3, TRBV11-1",0.03658621436843431
"TRBV6-6, TRBV6-5, TRBV6-8, TRBV6-2, TRBV6-3",0.03628685165026251
TRBV7-5,0.03598906385087694
TRBV7-7,0.034828771290477754
"TRBV5-5, TRBV5-3, TRBV5-8",0.03468353655654937
"TRBV4-3, TRBV4-1",0.034462720958154704
"TRBV6-1, TRBV6-6, TRBV6-5, TRBV6-8",0.03431593279316541
"TRBV6-6, TRBV6-1, TRBV6-5, TRBV6-8, TRBV6-9",0.033933169238957984
"TRBV6-6, TRBV6-5, TRBV6-3, TRBV6-2, TRBV6-8",0.03375062131082061
"TRBV6-5, TRBV6-6, TRBV6-8",0.033235156926984824
"TRBV6-5, TRBV6-6, TRBV6-2, TRBV6-3",0.033230442059555484
"TRBV6-5, TRBV6-6, TRBV6-1, TRBV6-2, TRBV6-3",0.033136851367476405
"TRBV6-1, TRBV6-6, TRBV6-5",0.032042653473415256
TRBV5-6,0.031551947514687144
TRBV12-1,0.03145372540375284
"TRBV6-5, TRBV6-1, TRBV6-6, TRBV6-3",0.030962085839361005
"TRBJ2-7, TRBJ2-5",0.030406596382437635
"TRBJ2-7, TRBJ2-1",0.03030826474215577
TRBV11-1,0.02996214698145875
"TRBV5-6, TRBV5-5, TRBV5-7, TRBV5-3",0.029883516920987386
"TRBV6-5, TRBV6-6, TRBV6-3, TRBV6-1, TRBV6-8",0.028634241881812444
"TRBV6-5, TRBV6-1, TRBV6-6, TRBV6-2, TRBV6-3",0.027632381917463172
TRBV4-3,0.027540854343887505
"TRBV7-2, TRBV7-8, TRBV28",0.02736567395293264
"TRBV5-5, TRBV5-3",0.026830837762111724
"TRBV5-3, TRBV5-5, TRBV5-8",0.026510555179098193
"TRBV6-2, TRBV6-3, TRBV6-1, TRBV6-5",0.026488139588032557
"TRBV6-6, TRBV6-5, TRBV6-1, TRBV6-8, TRBV6-3",0.026133515653714315
"TRBV6-1, TRBV6-5, TRBV6-6, TRBV6-3, TRBV6-9",0.02605910559022672
"TRBV6-1, TRBV6-6, TRBV6-5, TRBV6-8, TRBV6-9",0.025979088512024524
"TRBV6-6, TRBV6-1, TRBV6-5, TRBV6-8",0.025805866119869292
"TRBV6-5, TRBV6-6, TRBV6-1, TRBV6-9",0.02546693191369036
"TRBV6-6, TRBV6-1, TRBV6-5, TRBV6-9, TRBV6-8",0.025197340029452328
"TRBV11-2, TRBV11-3",0.02434442456050553
"TRBV6-1, TRBV6-5, TRBV6-8, TRBV6-3",0.023319348980126692
"TRBV6-2, TRBV6-3, TRBV6-5",0.023252686000653913
"TRBV6-5, TRBV6-6, TRBV6-8, TRBV6-1, TRBV6-3",0.023213395156480132
"TRBV6-8, TRBV6-1, TRBV6-5",0.023157095350654234
"TRBV5-4, TRBV5-8, TRBV5-5",0.022992598275236538
"TRBV6-5, TRBV6-6, TRBV6-8, TRBV6-3, TRBV6-2",0.022622653284471408
"TRBV6-5, TRBV6-1",0.022531590500828418
"TRBV6-2, TRBV6-3, TRBV6-1",0.022480061244356066
"TRBV6-6, TRBV6-5, TRBV6-1, TRBV6-3",0.022160186649412578
"TRBV5-7, TRBV5-6",0.02215108543788566
"TRBV5-6, TRBV5-5",0.022137552236367396
"TRBV7-9, TRBV28",0.021956859138746038
"TRBJ2-1, TRBJ2-7",0.021926153217217532
"TRBV5-8, TRBV5-4, TRBV5-3",0.02134071867348594
"TRBV6-6, TRBV6-5",0.021078623939658796
"TRBV6-5, TRBV6-6, TRBV6-1, TRBV10-3",0.020323992820842008
"TRBJ2-5, TRBJ2-1",0.02016519697539404
TRBV12-4,0.020137530622425764
"TRBV7-2, TRBV7-8, TRBV7-1",0.019982322370569253
"TRBJ2-1, TRBJ2-5",0.019587610226509913
"TRBV6-1, TRBV6-2, TRBV6-3, TRBV6-5, TRBV6-6",0.01951491647772489
"TRBV21-1, TRBV28",0.019435573695227498
"TRBV6-5, TRBV6-1, TRBV6-3, TRBV6-8",0.01915967098623513
"TRBV6-5, TRBV6-6, TRBV6-3, TRBV6-1",0.019121112878787587
"TRBV6-6, TRBV6-5, TRBV6-9, TRBV6-1, TRBV6-8",0.0188972351211926
"TRBV6-2, TRBV6-3, TRBV6-4, TRBV6-5, TRBV6-6",0.018886913113103383
"TRBV6-6, TRBV6-5, TRBV6-3, TRBV6-8, TRBV6-2",0.01867127490184948
"TRBV6-6, TRBV6-5, TRBV6-8, TRBV6-1, TRBV6-3",0.018577017735946822
"TRBV7-2, TRBV7-9",0.018455813460052
"TRBV5-4, TRBV4-2, TRBV5-8, TRBV5-5",0.01812199333412894
"TRBV6-9, TRBV6-1, TRBV6-5, TRBV6-6",0.017952659194935754
"TRBV6-7, TRBV20-1",0.01794461727261963
"TRBV6-6, TRBV6-5, TRBV6-8, TRBV6-3, TRBV6-2",0.017655935552099676
"TRBV6-2, TRBV6-3, TRBV6-6, TRBV6-5",0.017606323350606273
"TRBJ2-5, TRBJ2-3",0.01759162238031497
"TRBV6-9, TRBV6-2, TRBV6-3",0.01726391868241904
"TRBV24-1, TRBV6-1, TRBV6-5, TRBV6-6",0.01709733377808129
"TRBV7-8, TRBV7-2, TRBV28",0.01696120124977636
"TRBV6-5, TRBV6-1, TRBV6-8, TRBV6-3",0.016547004162125133
"TRBV5-5, TRBV5-3, TRBV5-6, TRBV5-8, TRBV7-9",0.016266590171333046
"TRBV6-1, TRBV6-5, TRBV6-6, TRBV6-4, TRBV10-3",0.016118764995757855
"TRBV14, TRBV3-1, TRBV3-2, TRBV4-2",0.01584043655801436
"TRBV6-6, TRBV6-5, TRBV6-3, TRBV6-1, TRBV6-8",0.01580706942871469
"TRBV12-3, TRBV12-4, TRBV28",0.015770507519229718
"TRBV4-2, TRBV4-1, TRBV4-3",0.015570773727549567
"TRBV6-5, TRBV6-6, TRBV6-9, TRBV6-1, TRBV6-8",0.015402195147559817
"TRBV6-9, TRBV6-6, TRBV6-5",0.015385979196634772
"TRBV7-2, TRBV7-1, TRBV7-8",0.015312336807492485
"TRBV27, TRBV28",0.015275309046096166
"TRBV7-2, TRBV7-9, TRBV7-8",0.015161941972143697
"TRBV6-6, TRBV6-5, TRBV6-1, TRBV6-9",0.015069924317214042
"TRBV5-5, TRBV5-6, TRBV5-3, TRBV5-8",0.01501325826147763
"TRBV6-5, TRBV6-6, TRBV6-3",0.014993183494095896
"TRBV7-2, TRBV7-9, TRBV7-3",0.01487360974394818
"TRBV6-3, TRBV6-2, TRBV6-6, TRBV6-1, TRBV6-5",0.01475112922271264
"TRBV7-9, TRBV7-3",0.014713073579915638
"TRBV7-2, TRBV28, TRBV7-8",0.014698686149356694
"TRBV6-1, TRBV6-5, TRBV6-6, TRBV6-4",0.014582685371925069
"TRBV5-5, TRBV5-8, TRBV5-3",0.014515039401450061
"TRBJ2-3, TRBJ2-1",0.014468976245679261
"TRBV6-5, TRBV6-6, TRBV6-1, TRBV6-4, TRBV6-8",0.014438406640856459
"TRBJ2-7, TRBJ2-4",0.014408697305407765
"TRBV28, TRBV6-1, TRBV6-5, TRBV6-6",0.014406231774884306
TRBV7-1,0.014374629618786645
"TRBV5-5, TRBV5-8",0.014284579517544574
"TRBV6-6, TRBV6-1, TRBV6-5",0.01426526480425019
"TRBV20-1, TRBV10-3",0.014169057544449306
"TRBV10-2, TRBV10-1, TRBV6-1",0.013961853258632894
"TRBV6-1, TRBV6-5, TRBV6-3, TRBV6-8",0.01389328200328322
"TRBV11-3, TRBV11-1, TRBV11-2",0.013880745297619004
"TRBV15, TRBV7-2, TRBV7-8, TRBV7-9",0.013874434980435392
"TRBJ2-7, TRBJ2-5, TRBJ2-3",0.013855633631766109
"TRBV5-4, TRBV5-5, TRBV5-6, TRBV5-7, TRBV5-8",0.013821472253521969
"TRBV20-1, TRBV5-1",0.013812696058431596
"TRBV6-3, TRBV6-2, TRBV6-6, TRBV6-5",0.013784611030224873
"TRBV4-1, TRBV4-2",0.013774345859114452
"TRBV6-6, TRBV6-1, TRBV6-3",0.013729566049601495
"TRBV7-4, TRBV7-3",0.013703630691201504
"TRBV27, TRBV20-1",0.013691371775649748
"TRBV5-5, TRBV5-3, TRBV5-6, TRBV5-8, TRBV11-3",0.013660126573309813
"TRBV6-2, TRBV6-3, TRBV6-5, TRBV6-6, TRBV27",0.013637888666940863
"TRBV7-3, TRBV2",0.013546158178099291
"TRBV4-1, TRBV4-3, TRBV1, TRBV4-2",0.013533310885252123
"TRBV4-1, TRBV4-3, TRBV23-1",0.013514941314941811
"TRBV9, TRBV7-4",0.013408925981228713
"TRBV6-2, TRBV6-3, TRBV6-6, TRBV6-1, TRBV6-5",0.01330624403663238
"TRBV7-6, TRBV27",0.013244670195312327
"TRBV6-1, TRBV6-6, TRBV6-5, TRBV6-3, TRBV6-8",0.01322491196157604
"TRBV7-9, TRBV7-3, TRBV5-6, TRBV5-7",0.013164938156974724
"TRBV7-6, TRBV28",0.013094221721499601
"TRBV5-5, TRBV5-3, TRBV5-6",0.012960106913771077
"TRBV7-9, TRBV6-1, TRBV6-5, TRBV6-6",0.012950475886207185
"TRBJ1-2, TRBJ1-5",0.012903079788746497
"TRBV6-1, TRBV6-5, TRBV6-2, TRBV6-3",0.012834883570414145
"TRBV6-5, TRBV6-6, TRBV6-2, TRBV6-3, TRBV6-1",0.012820607900876429
"TRBV5-5, TRBV5-7, TRBV5-8, TRBV5-3, TRBV5-6",0.012818703991585766
"TRBV5-3, TRBV5-5, TRBV5-6",0.012805195044950937
"TRBV6-1, TRBV6-5, TRBV28, TRBV6-6, TRBV6-8",0.012673233515486633
"TRBV5-4, TRBV5-8, TRBV4-2, TRBV5-5",0.012609360042959442
"TRBV11-2, TRBV11-3, TRBV11-1, TRBV7-2",0.012490676203678386
"TRBV5-8, TRBV5-4, TRBV5-5",0.012404059793619485
"TRBV6-5, TRBV6-8, TRBV6-6, TRBV6-1",0.012304902683815063
"TRBV6-1, TRBV6-5, TRBV6-6, TRBV19, TRBV6-8",0.012268782324253972
"TRBV5-5, TRBV5-8, TRBV5-3, TRBV5-6",0.01224437295260102
"TRBV7-9, TRBV6-5",0.012223198953630603
"TRBV7-2, TRBV28",0.012214247892128993
"TRBV7-9, TRBV7-6, TRBV7-3",0.012090625530429978
TRBV6-8,0.012084065340916984
"TRBV6-8, TRBV6-5",0.011990221045140595
"TRBV11-2, TRBV11-3, TRBV7-2",0.01187344409474011
"TRBJ1-5, TRBJ1-2",0.011846970934292367
"TRBV6-8, TRBV6-1, TRBV6-5, TRBV6-6",0.011818622616087548
"TRBV7-2, TRBV7-9, TRBV7-1, TRBV5-5",0.011698162503668973
"TRBV5-8, TRBV5-3, TRBV5-4",0.011599872775183142
"TRBV6-5, TRBV6-6, TRBV6-3, TRBV6-1, TRBV6-2",0.011595922764011335
"TRBV23-1, TRBV28",0.011548979359711062
"TRBV6-5, TRBV6-6, TRBV6-1, TRBV6-4, TRBV6-3",0.011505931598487581
"TRBV4-1, TRBV4-3, TRBV4-2",0.011422780441569892
"TRBV5-5, TRBV5-3, TRBV5-6, TRBV5-8, TRBV4-2",0.011398486130324917
"TRBV6-5, TRBV6-1, TRBV6-8, TRBV6-6",0.011381108355997467
"TRBV10-3, TRBV6-9",0.011312428317642937
"TRBV14, TRBV28",0.011295457557100652
"TRBV5-5, TRBV5-8, TRBV5-6",0.011252204301028428
"TRBV11-1, TRBV7-9, TRBV11-3, TRBV5-5, TRBV7-6",0.011220612160861532
"TRBV7-2, TRBV7-8, TRBV7-4",0.011171436568786388
"TRBV23-1, TRBV27",0.011125504483693588
"TRBV5-8, TRBV5-5, TRBV5-4, TRBV4-2",0.01110746987278826
"TRBV6-1, TRBV6-5, TRBV6-6, TRBV6-4, TRBV6-9",0.011042021224724854
"TRBV6-1, TRBV6-5, TRBV6-6, TRBV6-4, TRBV6-8",0.010996747859593101
"TRBV6-5, TRBV6-6, TRBV6-1, TRBV10-3, TRBV6-9",0.010995134085930638
"TRBV28, TRBV20-1",0.010955118229805385
"TRBV6-3, TRBV6-2, TRBV6-5, TRBV6-6, TRBV6-9",0.010857427817094943
"TRBV3-1, TRBV3-2, TRBV6-1, TRBV6-5, TRBV6-6",0.010842697338040512
"TRBV6-3, TRBV6-2, TRBV6-1, TRBV6-6, TRBV6-5",0.010796174047322147
"TRBV11-2, TRBV11-3, TRBV7-2, TRBV7-8, TRBV7-9",0.010790422644080797
"TRBV6-1, TRBV6-5, TRBV28",0.010780099992736714
"TRBV6-1, TRBV6-9, TRBV6-5, TRBV6-6",0.010771108965180694
"TRBJ2-1, TRBJ1-2",0.010769430570304423
"TRBV5-5, TRBV5-6, TRBV5-8",0.010550090144926284
"TRBV5-3, TRBV5-5, TRBV5-8, TRBV11-3, TRBV7-9",0.010527502251853199
"TRBV4-2, TRBV4-1, TRBV4-3, TRBV6-5, TRBV6-6",0.010491238384668169
"TRBV5-5, TRBV5-6, TRBV5-7",0.010463158134114114
"TRBV7-3, TRBV7-4, TRBV7-9",0.010366739208585243
"TRBV6-6, TRBV6-1, TRBV6-5, TRBV6-9",0.010233685814229532
"TRBV5-1, TRBV20-1",0.01022980541016516
"TRBV6-5, TRBV6-6, TRBV6-1, TRBV6-3, TRBV6-9",0.010204349800687467
"TRBV6-5, TRBV6-6, TRBV10-3, TRBV6-9, TRBV6-1",0.010202587107324931
"TRBV7-9, TRBV20-1",0.01019774441414611
"TRBV10-3, TRBV6-5, TRBV6-6, TRBV6-1",0.01003381330449264
"TRBV5-4, TRBV20-1",0.010021644712875354
"TRBV5-6, TRBV5-3, TRBV5-5, TRBV5-7",0.009952991827037799
"TRBV6-8, TRBV6-1, TRBV6-5, TRBV6-6, TRBV6-3",0.009886972807090853
"TRBV10-2, TRBV28",0.009861639978508615
"TRBV7-3, TRBV28",0.009839574915196346
"TRBV5-5, TRBV5-7, TRBV5-2, TRBV5-8, TRBV5-3",0.00981058193306472
"TRBV6-3, TRBV6-2, TRBV6-1, TRBV6-5",0.009647700041917869
"TRBV15, TRBV10-3",0.009543167897211099
"TRBV6-6, TRBV6-1",0.009535641871521179
"TRBV6-3, TRBV6-2, TRBV6-6, TRBV6-5, TRBV6-1",0.009473354635824466
"TRBV6-2, TRBV6-3, TRBV6-5, TRBV6-4, TRBV6-6",0.009406152610378027
"TRBV6-2, TRBV6-3, TRBV6-1, TRBV6-6, TRBV6-5",0.009229208110992263
"TRBV4-2, TRBV4-3, TRBV4-1",0.00920183956905683
"TRBV7-3, TRBV7-4, TRBV11-3, TRBV5-5",0.009111978963467037
"TRBV6-2, TRBV6-3, TRBV6-6, TRBV6-5, TRBV6-1",0.009074185661457698
"TRBV5-8, TRBV5-4, TRBV11-2",0.008770464678407358
"TRBV6-4, TRBV6-5, TRBV6-6",0.008723106425127096
"TRBV6-6, TRBV6-5, TRBV6-2, TRBV6-3, TRBV6-8",0.008714187457507249
"TRBV29-1, TRBV20-1",0.008656447051028736
"TRBV18, TRBV10-3",0.008633173408982293
"TRBV6-2, TRBV6-3, TRBV6-9, TRBV6-5, TRBV6-6",0.008432270849316244
"TRBV6-5, TRBV6-1, TRBV6-6, TRBV6-8, TRBV6-9",0.008373331387495145
"TRBV24-1, TRBV20-1",0.008322558414191003
"TRBV7-2, TRBV21-1, TRBV7-8",0.008134161101718405
"TRBV5-5, TRBV5-3, TRBV5-6, TRBV5-8, TRBV5-2",0.008095054172525346
"TRBV5-8, TRBV5-5, TRBV5-3, TRBV5-4",0.00807124109598326
"TRBV7-9, TRBV7-6, TRBV7-7",0.008017354961613134
"TRBV7-7, TRBV7-6, TRBV7-3, TRBV7-4",0.007842643050669604
"TRBV6-2, TRBV6-3, TRBV10-3, TRBV6-5, TRBV6-6",0.007836154796825394
"TRBV2, TRBV28",0.007823757445118512
"TRBV11-3, TRBV11-1, TRBV7-3",0.007787190149377611
"TRBJ1-2, TRBJ2-6",0.007722413491008091
"TRBV6-4, TRBV28",0.007539880664039663
"TRBV12-3, TRBV12-4, TRBV6-6",0.007250065174853001
"TRBV6-1, TRBV6-5, TRBV6-6, TRBV10-3, TRBV6-4",0.007191698238767409
"TRBV20-1, TRBV19",0.006829525264429633
"TRBV11-2, TRBV7-2, TRBV7-8",0.0047213202143280685
"TRBV6-3, TRBV6-2, TRBV6-1",0.003101114375067167
"TRBV7-9, TRBV7-4",0.0023824443761419887
"TRBV13, TRBV2",0.0021917141548133097
TRBV6-9,0.001995222828511538
"TRBV6-2, TRBV6-3, TRBV6-5, TRBV6-6, TRBV6-7",0.0016774313512804176
"TRBV6-1, TRBV6-5, TRBV6-6, TRBV10-3, TRBV6-3",0.0015900774670058303
"TRBV5-3, TRBV5-5, TRBV5-6, TRBV5-8",0.00152910155648815
"TRBJ2-5, TRBJ1-5",0.001445170159226859
"TRBV6-6, TRBV6-5, TRBV6-1",0.0014369155524041565
"TRBV6-5, TRBV6-6, TRBV6-3, TRBV6-8",0.0014071019299585184
"TRBV6-2, TRBV6-3, TRBV6-5, TRBV6-6, TRBV6-9",0.0013521142866590957
"TRBV3-1, TRBV3-2, TRBV9, TRBV14",0.0013027831393069209
"TRBV6-5, TRBV6-6, TRBV6-9, TRBV6-2, TRBV6-3",0.0011368897722648674
"TRBV7-2, TRBV7-6, TRBV7-9, TRBV7-8",0.0010279146132284196
"TRBV7-6, TRBV28, TRBV7-7",0.0009438473404995331
"TRBV7-3, TRBV7-9",0.0009234837335052688
"TRBV6-6, TRBV6-5, TRBV6-1, TRBV10-3",0.0008754268298889003
"TRBV7-7, TRBV28, TRBV7-6",0.000852928473774729
"TRBV6-2, TRBV6-3, TRBV6-9",0.0008217487605609785
"TRBJ2-7, TRBJ2-6",0.0007618875621721664
"TRBV2, TRBV6-1, TRBV6-4",0.0006927462080172444
"TRBV6-1, TRBV6-5, TRBV6-6, TRBV7-3, TRBV7-4",0.0006837725487762498
"TRBV10-2, TRBV10-1",0.0006740313673327724
"TRBV6-1, TRBV6-5, TRBV6-6, TRBV10-3, TRBV6-9",0.000648753595249406
"TRBV6-5, TRBV6-6, TRBV6-1, TRBV6-9, TRBV6-3",0.0005878771985399284
"TRBV19, TRBV6-1, TRBV6-5, TRBV6-6",0.000567476390122343
"TRBV5-1, TRBV6-1, TRBV6-5, TRBV6-6",0.0004115317186404956
"TRBV6-6, TRBV6-5, TRBV6-8, TRBV6-3, TRBV6-1",0.00030792807530740155
"TRBV7-2, TRBV7-6, TRBV7-8, TRBV7-7, TRBV28",0.00016721016791616873
"TRBV24-1, TRBV6-1, TRBV6-5",0.0
"TRBV11-2, TRBV11-3, TRBV7-2, TRBV11-1",0.0
"TRBV12-3, TRBV12-4, TRBV6-3, TRBV6-5, TRBV6-6",0.0
"TRBV2, TRBV15",0.0
"TRBV7-9, TRBV5-6",0.0
"TRBV28, TRBV7-2, TRBV7-8",0.0
"TRBV4-2, TRBV28, TRBV4-3",0.0
"TRBV5-4, TRBV28",0.0
"TRBV5-5, TRBV5-6, TRBV7-2",0.0
"TRBV11-2, TRBV11-3, TRBV5-8, TRBV11-1",0.0
"TRBV6-9, TRBV6-5, TRBV6-1, TRBV6-6",0.0
"TRBV6-3, TRBV6-2, TRBV6-5",0.0
"TRBV6-3, TRBV6-6, TRBV6-5",0.0
"TRBV6-5, TRBV6-1, TRBV6-8",0.0
"TRBV6-5, TRBV6-6, TRBV6-3, TRBV6-2",0.0
"TRBV6-6, TRBV6-5, TRBV6-8",0.0
"TRBV5-8, TRBV4-2, TRBV5-5, TRBV5-4, TRBV7-2",0.0
"TRBV6-9, TRBV6-5, TRBV6-6",0.0
"TRBV7-2, TRBV7-8, TRBV5-1",0.0
"TRBV7-2, TRBV7-8, TRBV5-4",0.0
"TRBV7-2, TRBV7-8, TRBV5-8",0.0
"TRBV5-6, TRBV20-1, TRBV5-7",0.0
"TRBV7-2, TRBV7-3, TRBV7-8, TRBV7-9",0.0
"TRBV5-8, TRBV5-5, TRBV5-4, TRBV7-2, TRBV11-2",0.0
"TRBV6-1, TRBV6-6, TRBV6-5, TRBV6-9, TRBV6-8",0.0
"TRBV5-3, TRBV5-5",0.0
"TRBV5-5, TRBV5-7, TRBV5-6",0.0
"TRBV6-2, TRBV6-3, TRBV6-5, TRBV6-1",0.0
"TRBV7-9, TRBV7-8, TRBV7-2, TRBV7-6",0.0
"TRBV7-9, TRBV7-2, TRBV7-8",0.0
"TRBV7-9, TRBV15",0.0
"TRBV7-8, TRBV7-9, TRBV7-2",0.0
"TRBV7-8, TRBV7-3",0.0
"TRBV7-8, TRBV7-2, TRBV7-3",0.0
"TRBV7-8, TRBV7-2, TRBV27",0.0
"TRBV7-8, TRBV7-2, TRBV2",0.0
"TRBV7-8, TRBV28, TRBV7-2",0.0
"TRBV7-6, TRBV20-1",0.0
"TRBV7-3, TRBV7-8",0.0
"TRBV7-2, TRBV7-9, TRBV7-3, TRBV7-8",0.0
"TRBV7-2, TRBV7-3, TRBV7-9",0.0
"TRBV11-2, TRBV5-6, TRBV5-7",0.0
"TRBV7-2, TRBV27, TRBV7-8, TRBV7-9",0.0
"TRBV7-1, TRBV7-4",0.0
"TRBV7-9, TRBV7-2, TRBV7-3, TRBV7-4",0.0
"TRBV2, TRBV18",0.0
"TRBV11-3, TRBV11-1, TRBV6-5, TRBV6-6, TRBV6-1",0.0
"TRBV10-3, TRBV6-4, TRBV6-2, TRBV6-3",0.0
"TRBV20-1, TRBV6-1, TRBV6-5, TRBV6-6, TRBV6-3",0.0
"TRBV20-1, TRBV11-2",0.0
"TRBV2, TRBV5-4",0.0
"TRBV2, TRBV11-2",0.0
"TRBV19, TRBV27",0.0
"TRBV15, TRBV28",0.0
"TRBV12-3, TRBV12-4, TRBV20-1",0.0
"TRBV11-2, TRBV20-1",0.0
"TRBV11-2, TRBV11-3, TRBV7-2, TRBV11-1, TRBV7-9",0.0
"TRBV11-1, TRBV7-9",0.0
"TRBV6-1, TRBV6-5, TRBV6-3",0.0
"TRBV20-1, TRBV6-5, TRBV6-1, TRBV6-6, TRBV6-8",0.0
"TRBV6-1, TRBV6-5, TRBV6-8, TRBV6-6",0.0
TRBV6-6,0.0
"TRBV6-6, TRBV6-1, TRBV6-5, TRBV6-3",0.0
"TRBV7-9, TRBV5-6, TRBV7-3",0.0
"TRBV9, TRBV29-1",0.0
"TRBV24-1, TRBV10-3",0.0
"TRBV5-5, TRBV5-1, TRBV5-3, TRBV5-6, TRBV5-8",0.0
"TRBV5-5, TRBV5-3, TRBV5-8, TRBV5-6",0.0
"TRBV6-1, TRBV6-2, TRBV6-3, TRBV6-5",0.0
"TRBV6-5, TRBV6-6, TRBV6-8, TRBV6-1",0.0
"TRBV20-1, TRBV6-2, TRBV6-3, TRBV6-5, TRBV6-6",0.0
"TRBV21-1, TRBV19",0.0
"TRBV12-3, TRBV12-4, TRBV12-5",0.0
"TRBV6-5, TRBV6-6, TRBV6-9, TRBV6-1",0.0
"TRBV6-9, TRBV6-5, TRBV6-6, TRBV6-1, TRBV6-8",0.0
"TRBV25-1, TRBV19",0.0
"TRBV27, TRBV6-5, TRBV6-1, TRBV6-6, TRBV6-3, TRBV6-8",0.0
"TRBV27, TRBV6-5, TRBV6-6",0.0
"TRBV7-9, TRBV7-3, TRBV7-6",0.0
"TRBV7-9, TRBV7-2, TRBV7-6",0.0
"TRBV7-9, TRBV27, TRBV7-6",0.0
"TRBV7-6, TRBV7-3",0.0
"TRBV7-3, TRBV7-8, TRBV7-2",0.0
"TRBV7-3, TRBV11-2",0.0
TRBV6-3,0.0
"TRBV25-1, TRBV20-1",0.0
"TRBV6-2, TRBV6-3, TRBV6-1, TRBV6-6",0.0
"TRBV6-1, TRBV6-5, TRBV6-6, TRBV28, TRBV6-9",0.0
"TRBV6-1, TRBV6-5, TRBV6-6, TRBV20-1, TRBV6-8",0.0
"TRBV5-6, TRBV20-1, TRBV5-5, TRBV5-7",0.0
"TRBV5-4, TRBV5-5, TRBV5-8, TRBV4-2",0.0
"TRBV4-3, TRBV4-2, TRBV7-2, TRBV4-1",0.0
"TRBV29-1, TRBV5-4, TRBV5-8",0.0
"TRBV28, TRBV5-1",0.0
"TRBV28, TRBV11-1",0.0
"TRBV27, TRBV10-3",0.0
"TRBV6-5, TRBV6-6, TRBV6-3, TRBV6-8, TRBV6-1",0.0
